id,price,bedrooms,bathrooms,sqft_living,sqft_lot,floors,waterfront,view,condition,grade,sqft_above,sqft_basement,yr_built,yr_renovated,zipcode,lat,long,sqft_living15,sqft_lot15
1000102,280000,6,3,2400,9373,2,0,0,3,7,2400,0,1991,0,98002,47.3262,-122.214,2060,7316
1200019,647500,4,1.75,2060,26036,1,0,0,4,8,1160,900,1947,0,98166,47.4444,-122.351,2590,21891
1200021,400000,3,1,1460,43000,1,0,0,3,7,1460,0,1952,0,98166,47.4434,-122.347,2250,20023
2800031,235000,3,1,1430,7599,1.5,0,0,4,6,1010,420,1930,0,98168,47.4783,-122.265,1290,10320
3600057,402500,4,2,1650,3504,1,0,0,3,7,760,890,1951,2013,98144,47.5803,-122.294,1480,3504
3600072,680000,4,2.75,2220,5310,1,0,0,5,7,1170,1050,1951,0,98144,47.5801,-122.294,1540,4200
3800008,178000,5,1.5,1990,18200,1,0,0,3,7,1990,0,1960,0,98178,47.4938,-122.262,1860,8658
5200087,487000,4,2.5,2540,5001,2,0,0,3,9,2540,0,2005,0,98108,47.5423,-122.302,2360,6834
6200017,281000,3,1,1340,21336,1.5,0,0,4,5,1340,0,1945,0,98032,47.4023,-122.273,1340,37703
7200080,239000,4,2,1980,10585,1.5,0,0,2,6,1980,0,1924,0,98055,47.4836,-122.214,1360,7810
7400062,299800,2,1,790,5240,1,0,0,4,6,790,0,1925,0,98118,47.5303,-122.288,1430,5320
7600057,520000,3,2,1410,2700,2,0,0,4,7,1410,0,1902,0,98122,47.6029,-122.302,1750,4000
7600065,465000,3,2.25,1530,1245,2,0,0,3,9,1050,480,2014,0,98122,47.6018,-122.297,1530,2307
7600125,630000,5,1,3020,4800,2,0,0,3,7,3020,0,1901,0,98122,47.6025,-122.313,1350,1307
7600136,411000,2,2,1130,1148,2,0,0,3,9,800,330,2007,0,98122,47.6023,-122.314,1350,1201
9000025,496000,2,1,1420,4635,2,0,0,4,7,1420,0,1941,1973,98115,47.68,-122.304,1810,4635
11200070,570000,3,2.5,1530,3296,2,0,0,3,8,1530,0,1998,0,98007,47.6181,-122.138,1530,4099
11200290,546000,3,2.5,1530,3464,2,0,0,3,8,1530,0,1998,0,98007,47.6179,-122.141,1530,3446
11200400,617000,3,2.5,1910,4488,2,0,0,3,8,1910,0,1998,0,98007,47.6176,-122.14,1530,3696
11300120,635000,3,2.5,3350,4007,2,0,0,3,8,2550,800,2005,0,98034,47.7277,-122.207,2340,4167
11500240,872750,3,2.5,2870,13695,2,0,0,3,10,2870,0,1991,0,98052,47.6944,-122.102,2840,8472
11500890,843000,3,2.5,3130,8750,2,0,0,3,10,3130,0,1991,0,98052,47.6954,-122.103,2860,9003
11501160,837700,5,2.75,3010,12611,2,0,0,3,10,3010,0,1994,0,98052,47.696,-122.102,2890,9456
11501310,715000,3,3.25,3060,9055,2,0,0,3,10,2460,600,1994,0,98052,47.6971,-122.101,2990,9598
11501330,795000,3,3.5,3190,10223,2,0,0,3,10,2560,630,1994,0,98052,47.6968,-122.102,3120,9735
11510310,835000,4,2.75,3130,13412,2,0,0,3,9,2140,990,1993,0,98052,47.6993,-122.102,2260,9984
11510700,755000,4,2.5,2660,10452,2,0,0,3,9,2660,0,1993,0,98052,47.6972,-122.104,2890,9025
11520030,640000,4,2.5,2341,9594,2,0,0,3,9,2341,0,1997,0,98052,47.6993,-122.115,2850,9421
11520200,750000,4,2.5,3020,13122,2,0,0,3,9,2540,480,1997,0,98052,47.6989,-122.111,3020,10873
11520370,738000,3,2.5,2620,9112,2,0,0,3,9,2620,0,1995,0,98052,47.6972,-122.116,2620,9067
11520640,810000,4,2.75,3010,10450,2,0,0,3,9,3010,0,1996,0,98052,47.6979,-122.112,3010,10530
11900140,254000,3,2.5,1850,4597,2,0,0,3,8,1850,0,2003,0,98042,47.3755,-122.136,2210,5000
13001215,130000,3,1,1100,5100,1,0,0,4,7,1100,0,1913,0,98108,47.5231,-122.332,1450,5100
13001795,319500,4,2.75,2500,5100,1.5,0,0,4,7,1420,1080,1907,0,98108,47.523,-122.332,1430,5100
13001991,207000,3,2.5,1520,2550,2,0,0,3,7,1520,0,2005,0,98108,47.5245,-122.33,1460,2550
13002460,205000,2,1.75,1740,5100,1,0,0,3,6,580,1160,1915,0,98108,47.5211,-122.33,1440,5100
13002495,295000,3,1.5,1640,7222,2,0,0,4,7,1640,0,1908,0,98108,47.5215,-122.33,1240,5100
16000015,219950,3,1.5,1070,6601,1,0,0,3,6,1070,0,1985,0,98002,47.3115,-122.209,1030,6614
16000200,250000,3,2.25,1640,4420,2,0,0,4,7,1640,0,1918,1983,98002,47.311,-122.21,1230,6632
16000397,189000,2,1,1200,9850,1,0,0,4,7,1200,0,1921,0,98002,47.3089,-122.21,1060,5095
16000435,218500,2,1,1600,8961,1,0,0,4,7,1390,210,1949,0,98002,47.3098,-122.21,1502,6798
16000545,250000,4,1,1320,11212,1,0,0,5,6,1320,0,1914,0,98002,47.3098,-122.209,1060,6766
23500180,570000,3,2.25,2010,6000,1,0,0,3,8,1330,680,1975,0,98052,47.6912,-122.115,2080,8260
23500190,515000,4,2.25,2470,7800,1,0,0,3,8,1470,1000,1975,0,98052,47.6913,-122.115,2050,8050
23500220,550120,5,2.5,2620,8050,1,0,0,3,8,1520,1100,1975,0,98052,47.6919,-122.115,2030,7676
23520190,490000,3,1.75,1470,9750,1,0,0,4,7,1470,0,1978,0,98052,47.6975,-122.12,1800,9600
23520380,539000,3,1.75,1790,9860,1,0,0,4,7,1410,380,1978,0,98052,47.6989,-122.12,1820,9555
31000165,1.49E+06,5,3.5,3620,7821,2,0,2,3,10,2790,830,1958,2010,98040,47.5738,-122.215,2690,9757
31200020,1.04E+06,5,2.75,3050,8904,1,0,0,4,8,1650,1400,1956,0,98040,47.5709,-122.214,2920,8904
34000005,343566,2,1,1100,4200,1,0,0,3,7,1100,0,1954,0,98136,47.5312,-122.392,1240,4000
34001160,590000,3,2,3030,9374,1,0,1,4,7,2100,930,1959,0,98136,47.5289,-122.391,1990,6012
34001304,480000,5,2.25,2240,5500,1,0,0,3,7,1490,750,1959,0,98136,47.5305,-122.391,2010,6050
34001540,573300,2,1.75,1290,6600,1,0,2,3,7,870,420,1951,0,98136,47.531,-122.39,2380,7370
34001765,699950,3,3.25,2230,5460,1,0,1,4,8,1430,800,1977,0,98136,47.53,-122.388,2070,5600
37000335,446450,3,1.5,1480,7749,1,0,0,5,7,1480,0,1960,0,98126,47.5144,-122.379,1140,5320
37000435,325000,2,1,1130,5070,1,0,0,4,7,1130,0,1955,0,98146,47.5141,-122.377,860,6300
40000228,221900,2,1,780,6727,1,0,0,3,6,780,0,1939,0,98168,47.4733,-122.281,1860,10124
40000235,380000,5,2.5,2130,8428,2,0,0,3,7,2130,0,2013,0,98168,47.4726,-122.282,1500,11810
40000362,78000,2,1,780,16344,1,0,0,1,5,780,0,1942,0,98168,47.4739,-122.28,1700,10387
40000471,170000,2,1,1500,18540,1,0,0,3,8,1500,0,1950,0,98168,47.4727,-122.281,1700,9355
40000553,250000,2,1,1400,19570,1.5,0,0,3,6,1100,300,1929,0,98168,47.4724,-122.271,2250,6500
40000669,499950,4,2.5,2910,20067,2,0,0,3,9,2910,0,2001,0,98168,47.4714,-122.273,1730,21420
40001065,250000,2,1,1110,26051,1,0,0,3,6,1110,0,1951,0,98168,47.4711,-122.291,2240,12255
41000454,130000,2,1,880,9000,1,0,0,3,5,880,0,1928,0,98188,47.4672,-122.291,1410,10000
42000006,235000,5,1,1500,9282,1.5,0,0,5,6,1500,0,1966,0,98168,47.4702,-122.281,1520,9639
42000065,355000,2,1,1450,9150,1,0,0,4,7,1450,0,1965,0,98188,47.4689,-122.277,1440,10636
42000127,406500,3,1.5,1970,10080,1,0,0,3,7,1970,0,1966,0,98168,47.4703,-122.276,2240,10080
42000130,600000,5,4.5,4440,9784,2,0,0,3,10,4440,0,2012,0,98168,47.4702,-122.275,2720,10080
42000245,171000,4,2,1520,19672,1,0,0,3,6,1020,500,1920,0,98188,47.4683,-122.281,1810,7840
46100204,1.51E+06,5,3,3300,33474,1,0,3,3,9,1870,1430,1957,1991,98040,47.5673,-122.21,3836,20953
46100350,1.73E+06,5,3.5,5000,26540,2,0,3,3,10,3410,1590,2008,0,98040,47.5665,-122.21,3360,17398
46100504,2.03E+06,4,3.75,4100,22798,1.5,0,3,5,11,2540,1560,1934,1979,98040,47.5648,-122.21,3880,18730
49000051,350000,2,1.75,1430,7921,1,0,0,3,7,1430,0,1983,0,98146,47.5088,-122.371,1290,8040
49500090,372000,4,1.5,1780,7914,1.5,0,0,4,7,1780,0,1962,0,98059,47.5142,-122.163,1350,8069
50300090,398950,4,3,3000,10297,2,0,0,3,8,3000,0,2003,0,98042,47.3684,-122.073,2520,8366
50300220,363000,4,2.5,2180,9281,2,0,0,3,8,2180,0,2004,0,98042,47.3673,-122.072,2520,9520
52000067,495000,3,3.5,1650,1577,2,0,0,3,7,1100,550,2012,0,98109,47.6302,-122.344,1580,1280
53500020,248000,3,2.5,1870,4046,2,0,0,3,7,1870,0,2007,0,98042,47.342,-122.059,2130,4800
53500450,311850,4,2.5,1890,4158,2,0,0,3,8,1890,0,2014,0,98042,47.343,-122.056,2720,4549
53500760,287000,4,2.5,2660,4082,2,0,0,3,7,2660,0,2010,0,98042,47.3414,-122.055,2390,4876
56000095,805000,3,2.75,2600,5875,1.5,0,2,5,8,1600,1000,1929,0,98116,47.5773,-122.406,2260,5492
59000201,611206,1,1,1940,6300,1,0,3,3,8,1940,0,1963,0,98116,47.5782,-122.4,2560,6300
59000250,720000,3,1.5,2180,5000,1,0,3,4,8,1090,1090,1941,0,98116,47.5787,-122.402,2070,5000
59000445,590000,4,2.75,2240,5400,2,0,0,4,7,1540,700,1940,0,98116,47.5785,-122.402,1830,5000
59500050,324900,4,2.25,2010,7280,2,0,0,4,8,2010,0,1988,0,98032,47.3585,-122.286,1660,7579
65000085,430000,3,2,1550,6039,1,0,0,5,7,830,720,1942,0,98126,47.5436,-122.378,1330,6042
65000210,471000,2,1.75,1240,6417,1,0,0,5,7,1240,0,1924,0,98126,47.5439,-122.379,1800,6417
65000260,830000,3,2.5,3370,6550,2,0,2,4,8,2840,530,1912,2001,98126,47.5442,-122.38,1500,6550
65000400,570000,4,3,1490,6766,1.5,0,1,5,7,1490,0,1915,0,98136,47.5446,-122.382,1990,6526
66000070,315000,2,1,630,6550,1,0,0,3,5,630,0,1918,0,98126,47.5486,-122.38,1420,6550
66000140,398000,3,1,1480,6550,1.5,0,0,4,6,1480,0,1925,0,98126,47.5498,-122.381,1200,6550
66000265,370000,2,1,820,6550,1,0,0,3,7,820,0,1949,2012,98126,47.5478,-122.381,1640,6550
84000105,255000,5,2.25,2060,8632,1,0,0,3,7,1030,1030,1962,0,98146,47.4877,-122.335,1010,11680
84000245,190000,3,1.75,1100,9452,1,0,0,3,6,1100,0,1942,0,98146,47.4864,-122.337,1350,9452
84000335,225000,3,2,1700,11475,1,0,0,5,6,970,730,1945,0,98146,47.4851,-122.338,1560,11475
87000006,275000,4,1.75,1680,19405,1,0,0,4,7,1560,120,1959,0,98055,47.4552,-122.202,2000,12900
87000213,129000,2,1,1150,30184,1,0,0,3,6,1150,0,1950,0,98055,47.4492,-122.2,1670,19684
87000245,170000,3,0.75,1040,42180,1,0,0,2,6,1040,0,1947,0,98055,47.4518,-122.199,1270,24090
87000283,359950,3,2.5,1980,7800,2,0,0,3,8,1980,0,1999,0,98055,47.4492,-122.199,1700,20580
88000173,333000,4,2,2750,9001,1,0,0,3,8,2750,0,2008,0,98055,47.457,-122.189,1340,11050
88000591,212000,3,1,1000,9450,1,0,0,3,6,1000,0,1962,0,98055,47.4562,-122.193,1300,13500
88000790,252000,3,1,1170,9730,1,0,0,3,7,1170,0,1968,1986,98055,47.4562,-122.196,1680,10125
91000135,750000,4,1.5,2060,4000,1.5,0,2,3,7,1580,480,1920,1990,98103,47.6857,-122.353,1160,4000
91000320,393000,2,1,980,3350,1,0,0,4,7,980,0,1925,0,98103,47.6858,-122.352,1260,4000
97600140,800000,4,2.5,2930,5000,2,0,0,3,9,2760,170,2007,0,98006,47.5424,-122.12,3230,5778
98000060,1.06E+06,4,4,5320,20041,2,0,0,3,11,5320,0,2003,0,98075,47.5852,-121.966,4640,17268
98000130,1.43E+06,4,5,4630,24054,2,0,3,3,11,4630,0,2005,0,98075,47.587,-121.966,4630,17584
98000150,1.47E+06,4,4,4930,22093,2,0,3,3,12,4930,0,2004,0,98075,47.5874,-121.965,4630,18889
98000560,959900,4,3.75,3550,15151,2,0,0,3,11,3550,0,2004,0,98075,47.5888,-121.971,4340,15151
98000740,945000,5,3.5,4380,14925,2,0,0,3,11,4380,0,2003,0,98075,47.5848,-121.969,4310,14633
98000750,1.17E+06,5,3.75,4220,15959,2,0,0,3,11,4220,0,2004,0,98075,47.5869,-121.967,4630,16531
98000870,1.06E+06,4,3.5,4460,16271,2,0,2,3,11,4460,0,2001,0,98075,47.5862,-121.97,4540,17122
98000950,1.06E+06,4,5.25,4140,14757,2,0,2,3,11,4140,0,2005,0,98075,47.5871,-121.969,4440,15523
98000960,1.05E+06,4,3.25,4400,16625,2,0,0,3,11,4400,0,2003,0,98075,47.5868,-121.968,4440,15523
98000980,1.10E+06,4,3.5,4570,16219,2,0,0,3,11,4570,0,2002,0,98075,47.5859,-121.968,4700,16500
98001000,1.03E+06,5,3.5,5050,16500,2,0,2,3,11,5050,0,2001,0,98075,47.5863,-121.967,4570,16500
98001070,1.17E+06,5,4.25,4610,13252,2,0,4,3,11,4610,0,2004,0,98075,47.5878,-121.969,4400,15154
98020140,765000,4,4,3010,7221,2,0,0,3,10,3010,0,2004,0,98075,47.5833,-121.97,3490,7518
98020220,750000,4,2.5,3210,8938,2,0,0,3,10,3210,0,2005,0,98075,47.582,-121.971,3740,8108
98020300,759000,5,2.75,3490,8230,2,0,0,3,10,3490,0,2005,0,98075,47.5825,-121.97,3480,7331
98020310,730000,4,2.5,3230,7331,2,0,0,3,10,3230,0,2004,0,98075,47.5823,-121.97,3480,7447
98020350,720000,4,4,3200,7708,2,0,0,3,10,3200,0,2004,0,98075,47.5816,-121.97,3480,7944
98020410,802500,4,3.75,3320,8030,2,0,0,3,10,3320,0,2005,0,98075,47.5818,-121.972,3740,8030
98020480,885000,4,2.5,4090,11225,2,0,0,3,10,4090,0,2005,0,98075,47.581,-121.971,3510,8762
98020630,889000,4,3.5,4070,10976,2,0,0,3,10,4070,0,2004,0,98075,47.5805,-121.97,4080,10106
98030140,785500,4,4,3280,8448,2,0,0,3,10,3280,0,2007,0,98075,47.5818,-121.973,3730,8030
98030160,797000,3,3.5,3500,9473,2,0,0,3,10,3500,0,2008,0,98075,47.5807,-121.972,3510,7833
98030400,790000,4,3.5,3560,6098,2,0,0,3,10,3560,0,2006,0,98075,47.5828,-121.972,3660,6846
98030530,745000,4,3.25,3490,7024,2,0,0,3,10,3490,0,2006,0,98075,47.5834,-121.972,3450,6866
98030630,852500,5,3.75,3830,8131,2,0,0,3,10,3830,0,2005,0,98075,47.5837,-121.971,3570,7290
98030660,815000,4,2.5,3880,7208,2,0,0,3,10,3880,0,2006,0,98075,47.5841,-121.971,3280,7221
98300230,1.46E+06,4,4,4620,130208,2,0,0,3,10,4620,0,2014,0,98024,47.5885,-121.939,4620,131007
100100050,275000,3,1,1320,11090,1,0,0,3,7,1320,0,1955,0,98155,47.7748,-122.304,1320,8319
100300280,355000,3,2.25,1430,4777,2,0,0,3,7,1430,0,2010,0,98059,47.4867,-122.152,1639,3854
100300500,333000,3,2.5,1520,3041,2,0,0,3,7,1520,0,2009,0,98059,47.4874,-122.152,1820,3229
100300530,330000,3,2.5,1520,3003,2,0,0,3,7,1520,0,2009,0,98059,47.4876,-122.153,1820,3030
100500020,250000,3,2.5,1610,6600,2,0,0,3,7,1610,0,1994,0,98003,47.2827,-122.302,1660,7689
100600320,213950,3,1,1430,7000,1,0,0,3,6,1430,0,1968,0,98023,47.3018,-122.369,1050,7700
100600550,226500,3,1.5,1300,7370,1,0,0,4,7,900,400,1976,0,98023,47.3025,-122.37,1430,7500
100600860,237500,3,1.75,1050,7854,1,0,0,4,7,1050,0,1975,0,98023,47.3011,-122.369,1360,7668
103000116,645000,3,1.75,2070,5500,1,0,0,4,7,1130,940,1946,0,98115,47.6733,-122.301,1800,4400
103400160,263000,3,2.25,1590,7748,2,0,0,4,7,1590,0,1991,0,98003,47.2857,-122.3,1590,7606
104500730,115000,3,1.75,1080,7942,1,0,0,3,7,1080,0,1981,0,98023,47.3141,-122.355,1380,8244
104501040,249900,4,2,1500,7854,1.5,0,0,3,7,1500,0,1983,0,98023,47.3127,-122.354,1500,7334
104510180,230000,3,2.25,1500,7210,1,0,0,3,7,1150,350,1984,0,98023,47.3124,-122.352,1500,7210
104510230,252000,3,2,1540,7210,2,0,0,4,7,1540,0,1984,0,98023,47.3128,-122.351,1500,7210
104510340,276200,3,2.5,1480,7210,1,0,0,3,7,1180,300,1986,0,98023,47.3124,-122.351,1690,7396
104510440,219950,3,2.25,1500,7615,1,0,0,3,7,1150,350,1984,0,98023,47.3146,-122.351,1540,8649
104530110,268000,3,2.5,1850,6676,2,0,0,3,7,1850,0,1986,0,98023,47.3103,-122.36,1700,6663
104530240,225000,3,2,1320,5665,1,0,0,3,7,1320,0,1986,0,98023,47.3096,-122.357,1336,7080
104530490,248000,4,3.5,1850,6519,2,0,0,3,7,1130,720,1986,0,98023,47.3087,-122.354,1280,6664
104540820,221000,3,2.25,1430,5999,2,0,0,3,7,1430,0,1987,0,98023,47.3116,-122.358,1600,5999
104540840,240000,3,2.25,1460,5818,1,0,0,3,7,1140,320,1986,0,98023,47.3113,-122.358,1490,6031
104550520,270000,4,2.5,1750,6397,2,0,0,3,7,1750,0,1988,0,98023,47.3082,-122.358,1940,6502
104550540,259950,4,2,1610,6650,1,0,0,3,7,1610,0,1989,0,98023,47.3085,-122.358,1960,6650
104550580,260000,4,2.5,1990,6671,2,0,0,3,7,1990,0,1989,0,98023,47.3078,-122.358,1862,6566
104550660,275000,3,2.5,1870,6821,2,0,0,3,7,1870,0,1989,0,98023,47.3065,-122.358,1970,6821
104550690,282000,4,2.75,2390,7330,2,0,0,3,7,2390,0,1989,0,98023,47.3061,-122.359,1980,6735
104550740,299000,3,2.5,2450,7062,2,0,0,3,8,2450,0,1993,0,98023,47.3061,-122.36,1960,7200
104550750,241000,3,2,1520,7131,1,0,0,3,8,1520,0,1993,0,98023,47.3061,-122.361,1890,7379
104560010,278500,4,2.5,1940,6206,2,0,0,3,7,1940,0,1990,0,98023,47.3063,-122.359,2060,7092
104560120,304400,4,2.75,2140,8100,2,0,0,4,7,2140,0,1990,0,98023,47.3075,-122.359,1960,7002
104560280,273000,4,3,1990,6180,2,0,0,3,7,1990,0,1990,0,98023,47.3083,-122.36,1910,6180
104560540,310000,4,2.75,2370,7320,2,0,0,3,7,2370,0,1989,0,98023,47.3071,-122.36,1960,7320
106000015,435000,3,1.75,1310,8065,1,0,0,4,6,1310,0,1948,0,98117,47.701,-122.368,1420,8100
106000044,399950,3,1,1470,7930,1,0,0,3,7,1070,400,1950,0,98177,47.7013,-122.368,1440,8100
106000320,401000,2,1,840,8100,1,0,0,4,7,840,0,1948,0,98177,47.7019,-122.366,1100,8220
106000395,405000,3,1,1410,8053,1,0,0,4,7,1410,0,1951,0,98177,47.704,-122.367,1170,8042
108000127,456500,4,3.5,2000,2309,3,0,0,3,8,2000,0,2008,0,98177,47.7027,-122.361,1440,1548
109000040,305000,3,1.75,1460,7862,1,0,0,3,7,1460,0,1965,0,98155,47.7755,-122.299,2200,9293
109200140,299000,4,2.5,2300,8100,1,0,0,4,8,1360,940,1979,0,98023,47.2979,-122.371,1910,7630
109200730,218000,3,1.75,1850,7684,1,0,0,3,8,1320,530,1979,0,98023,47.2975,-122.37,1940,7630
109210280,220000,4,2.25,1950,7280,2,0,0,4,8,1950,0,1979,0,98023,47.2957,-122.37,1910,7280
109210460,270000,3,2,2330,8000,1,0,0,3,7,1390,940,1986,0,98023,47.2958,-122.368,1570,7227
110000040,278000,5,1.5,1820,8712,1,0,0,5,7,1090,730,1960,0,98032,47.3712,-122.289,1820,8712
111000190,146000,2,1,780,9750,1,0,0,3,6,780,0,1937,0,98168,47.4816,-122.322,1670,9750
112900020,300000,3,2.25,1660,5128,2,0,0,3,7,1660,0,2001,0,98019,47.7362,-121.967,1680,4652
112900110,345000,3,2.5,1620,5992,2,0,0,3,7,1620,0,2001,0,98019,47.736,-121.965,1620,4644
114100131,559950,5,3.5,2450,8193,2,0,0,3,9,2450,0,2005,0,98028,47.7721,-122.241,2310,8193
114100155,355000,2,2.25,1330,10838,2,0,0,3,8,1330,0,1985,0,98028,47.7689,-122.241,1390,10310
114100234,402500,3,2.25,2160,9540,2,0,0,3,8,2160,0,1979,0,98028,47.7668,-122.243,1720,12593
114100297,400000,3,1.75,1560,8456,1,0,0,5,7,1560,0,1970,0,98028,47.7769,-122.25,2230,13109
114100304,515000,4,2.5,2800,21370,2,0,0,3,8,2800,0,2003,0,98028,47.776,-122.246,1880,9336
114100314,285000,3,1.5,1480,7117,1,0,0,3,7,1170,310,1960,0,98028,47.7766,-122.248,2230,14775
114100354,249000,3,1,1090,10296,1,0,0,4,6,1090,0,1950,0,98028,47.7743,-122.26,1910,10296
114100745,475000,6,3,3470,117612,1.5,0,0,3,7,3470,0,1924,0,98028,47.7663,-122.234,2120,17100
114100758,420000,2,1,960,112384,1,0,0,3,7,960,0,1955,0,98028,47.7642,-122.234,1210,24875
114100763,230000,3,0.75,1040,15000,1,0,0,3,6,1040,0,1941,0,98028,47.7639,-122.234,1410,19000
114100791,250000,3,1.5,1170,9848,1,0,0,3,7,1170,0,1963,0,98028,47.7612,-122.234,2220,5542
114101055,383000,3,2.5,1720,10031,2,0,0,3,8,1720,0,1993,0,98028,47.7688,-122.238,2280,5845
114101161,480000,3,1.5,2100,67269,1,0,0,4,7,1220,880,1949,0,98028,47.7592,-122.23,1610,15999
114101426,375000,3,1.75,1160,22470,1,0,0,4,7,1160,0,1976,0,98028,47.7595,-122.23,1940,15999
114101500,325000,4,1.75,1370,9993,1,0,0,3,6,1370,0,1918,0,98028,47.7572,-122.228,1650,11592
114101505,630000,5,3.5,4060,8309,2,0,0,3,9,2960,1100,2001,0,98028,47.757,-122.228,1730,11711
114101516,310000,3,1,1430,19901,1.5,0,0,4,7,1430,0,1927,0,98028,47.7558,-122.229,1780,12697
114101540,415000,3,1,2020,19210,1,0,0,3,6,1760,260,1949,0,98028,47.7552,-122.229,1780,14469
114700150,236000,3,1.75,1560,10919,1,0,0,3,7,1560,0,1975,0,98023,47.2917,-122.366,1730,10919
117000001,540000,4,4.25,1960,3565,2,0,0,3,7,1960,0,1940,2003,98116,47.5849,-122.384,1920,5750
117000003,595000,4,2.25,1920,3225,1.5,0,0,5,7,1300,620,1923,0,98116,47.5848,-122.384,1960,3750
117000100,680000,3,1.75,1660,5750,1,0,0,4,7,1080,580,1909,0,98116,47.5843,-122.385,2060,5560
120059044,250000,3,1.75,1628,286355,1,0,0,3,7,1628,0,1996,0,98092,47.2558,-122.122,1490,216344
120069003,495000,4,3,3620,403693,2,0,2,3,9,3620,0,1980,0,98022,47.2527,-121.98,2230,148811
120069059,550000,3,2.5,2920,169448,2.5,0,0,3,9,2920,0,1990,0,98022,47.2492,-121.975,2360,326097
121029034,549000,2,1,2034,13392,1,1,4,5,7,1159,875,1947,0,98070,47.3312,-122.503,1156,15961
121039038,169000,3,1.5,1470,18459,2,0,0,4,6,1470,0,1916,0,98023,47.3302,-122.36,1750,16074
121039042,425000,3,2.75,3610,107386,1.5,1,3,3,8,3130,480,1918,1962,98023,47.3351,-122.362,2630,42126
121039083,629000,3,1.75,1460,12367,2,1,4,4,8,1120,340,1970,0,98023,47.3311,-122.375,1970,18893
121039156,249000,3,1,1030,24750,1,0,2,3,5,1030,0,1943,0,98023,47.3343,-122.362,2810,28800
121059007,210000,4,1,1200,43560,1,0,0,3,5,1200,0,1968,0,98042,47.3375,-122.123,1400,54450
121059038,397900,3,2.75,2500,35245,1,0,0,3,7,1580,920,2000,0,98042,47.3414,-122.117,2060,153766
121059147,392000,4,2.5,2300,41167,2,0,0,3,7,2300,0,1988,0,98042,47.3412,-122.108,2300,21765
122029066,490000,3,1.75,2020,215622,2,0,0,4,7,2020,0,1975,0,98070,47.4189,-122.499,1810,215622
122069107,427500,3,1.5,1900,43186,1.5,0,0,4,7,1300,600,1971,0,98038,47.4199,-121.99,2080,108028
123000110,520000,2,1,910,5000,1,0,0,3,7,910,0,1924,0,98107,47.6733,-122.37,1050,5000
123039128,325000,4,1,1400,9384,1.5,0,0,4,6,1400,0,1948,0,98106,47.5166,-122.361,1600,8432
123039147,464950,3,2,2190,19800,1,0,0,3,7,2190,0,1994,0,98146,47.5106,-122.365,1640,9719
123039176,399888,4,1,2370,30200,1.5,0,0,4,7,1570,800,1948,0,98146,47.5108,-122.366,1640,9719
123039207,283000,4,2,2100,8160,1,0,0,3,7,1200,900,1959,0,98106,47.5145,-122.365,1140,8160
123039279,165000,2,1,640,7768,1,0,0,3,6,640,0,1942,0,98106,47.515,-122.359,840,7424
123039313,425000,4,2.5,1920,9000,2,0,0,2,7,1920,0,1989,0,98126,47.5153,-122.37,1530,10474
123039333,240000,4,1,1910,16320,1.5,0,0,3,6,1910,0,1934,0,98106,47.5151,-122.366,1380,9000
123039346,335000,3,1.75,1260,17000,1,0,0,3,7,1260,0,1994,0,98146,47.5114,-122.361,1540,7213
123039364,300000,2,1,970,13700,1,0,0,3,6,970,0,1949,0,98106,47.515,-122.362,1570,10880
123039376,535000,4,2.75,2360,15100,1,0,0,3,8,2360,0,2014,0,98146,47.5117,-122.365,1440,13346
123039420,309000,3,1,1300,7200,1,0,0,4,7,1300,0,1952,0,98146,47.5063,-122.369,1740,7100
123039424,303000,2,2,970,9750,1,0,0,5,6,970,0,1940,0,98146,47.5073,-122.372,1850,9000
123039570,485000,4,2.25,1900,7200,1,0,0,3,8,1370,530,1977,0,98146,47.5033,-122.372,2030,8008
123039604,102500,2,1,820,4320,1,0,0,3,5,820,0,1937,0,98106,47.514,-122.359,780,7424
123039626,295000,3,2.25,1330,7200,1,0,0,3,7,900,430,1974,0,98146,47.5102,-122.364,1380,9570
123039633,359950,3,1.75,1570,6975,1,0,0,3,7,1040,530,1979,0,98126,47.5137,-122.37,1280,7813
123039642,540000,3,2.5,1970,14876,1,0,0,3,7,1320,650,1981,0,98146,47.5031,-122.372,2030,8008
123059042,530000,3,2.25,2190,220414,1,0,0,4,7,1330,860,1976,0,98059,47.5041,-122.102,2550,175982
123059046,471000,4,2.25,3410,57063,2,0,0,4,8,2410,1000,1978,0,98059,47.505,-122.11,2870,145490
123059071,440000,3,2,1860,217800,2,0,2,3,8,1860,0,1998,0,98059,47.5157,-122.107,2500,217800
123059127,625000,4,3.25,2730,54014,1,0,0,3,9,1560,1170,2007,0,98059,47.5133,-122.11,2730,111274
123079023,356000,2,1,1430,365904,1,0,0,3,7,1010,420,1991,0,98065,47.513,-121.857,2300,253519
124000160,563000,4,1,1410,3376,1.5,0,0,5,7,1410,0,1911,0,98107,47.6606,-122.365,1040,3600
124069032,600000,3,1.75,1670,39639,1,0,0,4,8,1670,0,1976,1992,98075,47.5929,-121.989,2330,30492
125039021,575000,2,1,1230,2726,1.5,0,0,3,7,880,350,1920,0,98117,47.6815,-122.359,1710,3750
125039025,530000,3,1.75,1550,3680,1,0,0,3,7,1050,500,1927,0,98117,47.6817,-122.36,1560,4000
125059138,510000,6,4.5,3300,7561,2,0,0,3,8,3300,0,1980,0,98052,47.6795,-122.104,2470,7561
125059178,510000,6,4.5,3300,7480,2,0,0,3,8,3300,0,1980,0,98052,47.6796,-122.104,2470,7561
125059179,510000,6,4.5,3300,7200,2,0,0,3,8,3300,0,1980,0,98052,47.6798,-122.104,2470,7561
125069038,2.14E+06,4,3.75,5150,453895,2,0,3,3,11,4360,790,1997,0,98053,47.6795,-121.991,2500,215186
126039213,365500,2,1,1140,15624,1,0,0,4,6,1140,0,1909,0,98177,47.7673,-122.367,2110,15493
126039252,415000,4,1.5,1840,11367,1.5,0,0,4,7,1840,0,1950,0,98177,47.7656,-122.358,1690,9800
126039256,434900,3,2,1520,5040,2,0,0,3,7,1520,0,1977,2006,98177,47.777,-122.362,1860,8710
126039305,345000,1,1,540,10125,1,0,0,3,5,540,0,1961,0,98177,47.7739,-122.358,1840,10125
126039323,417500,5,1.75,2060,10911,1,0,0,4,7,1360,700,1954,0,98177,47.7767,-122.365,2060,9688
126039394,525000,4,2.75,2300,26650,1,0,0,4,8,2300,0,1950,0,98177,47.7771,-122.362,2000,9879
126039413,469000,5,2.5,2690,11745,1,0,0,3,8,1790,900,1960,0,98177,47.7708,-122.362,2670,7905
126039467,700000,4,2.5,3040,7200,2,0,0,3,9,3040,0,2008,0,98177,47.7747,-122.366,2360,8245
126039599,475000,4,2.25,1800,7200,1,0,0,3,7,1230,570,1979,0,98177,47.7717,-122.376,2260,7498
126049100,398000,3,1.75,1830,27468,1,0,0,3,7,1830,0,1954,0,98028,47.7754,-122.233,1860,10180
126049167,380000,4,2.25,2150,20181,1,0,0,3,7,1090,1060,1963,0,98028,47.7627,-122.245,2150,10480
126049169,450000,3,1.75,1540,61419,1,0,0,3,7,1540,0,1967,0,98028,47.7663,-122.228,3790,8529
126049217,400000,3,1.75,1530,10731,1,0,0,3,7,1530,0,1986,0,98028,47.7655,-122.244,2100,12593
126049231,445000,3,3,1970,24318,1,0,0,3,8,1970,0,2010,0,98028,47.7651,-122.246,2150,14695
126059005,547000,5,3,2200,103237,1,0,0,3,7,1160,1040,1971,0,98072,47.7726,-122.111,2300,103237
126059018,395000,4,2.25,1780,10748,2,0,0,4,8,1780,0,1964,0,98072,47.762,-122.11,2070,37680
126059019,799000,4,2.5,3170,94855,1,0,0,4,9,1910,1260,1978,0,98072,47.7648,-122.112,2590,65340
126059021,200000,4,1,1020,42966,1.5,0,0,4,6,1020,0,1922,0,98072,47.7617,-122.11,2250,37680
126059097,775000,3,3.5,2690,104544,2,0,0,3,8,2690,0,1948,1990,98072,47.7717,-122.112,2300,81698
126059225,525000,3,1.75,2300,43560,1,0,0,4,7,1350,950,1979,0,98077,47.7716,-122.101,2320,57000
126059242,550000,3,1.75,1880,45738,1,0,0,4,8,1410,470,1980,0,98072,47.7662,-122.114,2340,38556
126059310,1.00E+06,3,2.25,3040,52302,1,0,0,3,9,3040,0,2005,0,98072,47.7635,-122.112,2070,38600
127100005,377000,4,1.75,1800,8385,1,0,0,5,6,900,900,1950,0,98133,47.7744,-122.338,1770,8385
128500260,262000,4,2.5,2020,6236,2,0,0,3,7,2020,0,2002,0,98001,47.2796,-122.247,1940,5076
130000175,655000,4,2.75,3160,8197,1,0,0,3,8,1580,1580,1962,0,98115,47.7004,-122.287,2050,8197
133000070,179900,2,1,680,6400,1,0,0,3,6,680,0,1943,0,98168,47.5136,-122.316,1240,7800
133000127,265000,3,1,1620,9450,1.5,0,0,3,7,1620,0,1928,0,98168,47.5136,-122.313,2070,11970
133000135,290000,4,1.75,1990,18900,2,0,0,4,7,1870,120,1929,0,98168,47.5131,-122.313,1710,12400
133000271,355000,5,2.5,2540,5100,2,0,0,3,7,2540,0,2014,0,98168,47.5123,-122.316,1400,9440
136000220,593000,2,2.5,2000,2500,3,0,1,3,8,1810,190,1994,0,98116,47.5788,-122.396,1970,5650
139000185,800000,3,2.5,2100,4440,2,0,4,3,7,2100,0,1945,0,98116,47.5865,-122.397,2100,6000
142000165,749950,4,2.75,2600,6050,2,0,0,5,8,1960,640,1949,0,98116,47.5656,-122.4,1990,6050
142000175,625000,3,1.75,2240,6050,1,0,0,4,8,1250,990,1950,0,98116,47.5658,-122.4,1720,6050
148000035,544000,3,1.5,1790,8203,1.5,0,1,3,7,1790,0,1910,0,98116,47.5768,-122.403,1960,6047
148000072,600000,2,2.5,1830,1988,2,0,0,3,9,1530,300,2011,0,98116,47.5779,-122.409,1800,2467
148000375,945000,2,2.5,2540,7089,2,0,0,3,9,2540,0,2004,0,98116,47.5747,-122.414,1330,7089
148000440,313300,2,1,970,4800,1,0,0,3,6,970,0,1911,1940,98116,47.5754,-122.414,1180,5900
148000450,399000,2,1,940,4800,1,0,0,4,6,940,0,1911,1955,98116,47.5756,-122.414,980,5900
148000475,1.40E+06,4,3.25,4700,9160,1,0,4,3,11,2520,2180,2005,0,98116,47.5744,-122.406,2240,8700
148000590,725000,4,2.75,2440,7042,1.5,0,2,4,7,1640,800,1941,0,98116,47.5731,-122.408,2170,7900
148000680,530000,3,1.75,1660,4800,1,0,0,3,7,960,700,1941,1996,98116,47.5734,-122.412,1510,4800
148000705,900000,4,3.5,3070,4440,2,0,0,3,9,2030,1040,1922,2007,98116,47.5732,-122.411,1780,4800
151000075,856000,3,2.5,2160,3920,2,0,0,3,9,2160,0,2014,0,98116,47.5762,-122.415,1500,4920
161000120,650000,4,2,2850,4497,1.5,0,1,3,7,1730,1120,1910,0,98144,47.5876,-122.292,2450,6000
162500015,362500,5,2,2330,8586,1,0,0,4,7,1270,1060,1961,0,98133,47.7671,-122.334,1550,8287
162500030,324000,3,1,1160,7202,1,0,0,4,7,1160,0,1957,0,98133,47.7675,-122.334,1620,8598
163000010,330000,4,2.5,2105,6093,2,0,0,3,8,2105,0,2003,0,98042,47.3531,-122.147,1930,8022
164000174,300000,3,1,1010,6300,1,0,0,3,7,1010,0,1957,0,98133,47.7304,-122.352,1480,7480
164000237,495000,4,2.5,2140,7245,2,0,0,3,7,2140,0,2003,0,98133,47.729,-122.35,2080,7875
164000261,700000,4,3.25,2780,7875,2,0,0,3,9,2780,0,2006,0,98133,47.7294,-122.352,1000,7500
164000267,311300,2,1,1000,7228,1,0,0,4,7,1000,0,1947,0,98133,47.7294,-122.352,1100,7228
164000271,340000,3,1,980,7228,1.5,0,0,3,7,980,0,1946,0,98133,47.7294,-122.353,1070,7228
164000361,799000,4,1.5,1810,6583,1,0,0,3,7,1500,310,1968,0,98133,47.7273,-122.351,860,8670
170000060,1.20E+06,5,3.5,3900,4400,2,0,0,3,9,2650,1250,2014,0,98107,47.6607,-122.362,1190,4400
170000215,752500,5,2.75,2720,4680,1.5,0,0,4,8,1710,1010,1913,0,98107,47.6612,-122.363,1670,4800
173000025,316000,3,1,1130,7200,1.5,0,0,4,6,1130,0,1942,0,98133,47.7298,-122.355,1350,1358
173000036,327000,3,3,1370,1001,3,0,0,3,8,1370,0,2009,0,98133,47.7302,-122.355,1399,1151
173000140,487000,3,1.75,1770,10125,2,0,0,3,7,1770,0,1944,1978,98133,47.7289,-122.353,1680,9825
179000100,174000,2,1,600,4854,1,0,0,5,6,600,0,1922,0,98168,47.4927,-122.28,1470,5000
179000240,290500,4,2.5,1680,3000,2,0,0,3,7,1680,0,2003,0,98178,47.494,-122.279,1420,5500
179000350,194000,3,1.5,1010,5000,1,0,0,3,6,1010,0,1943,0,98178,47.4925,-122.278,980,5000
179000505,257000,3,1.75,1800,9000,1,0,0,3,7,1200,600,1961,0,98178,47.4932,-122.278,980,6000
179001046,229000,3,2.5,1190,3000,2,0,0,3,7,1190,0,2002,0,98178,47.4933,-122.275,1190,3000
179001101,135000,3,1,840,3000,1,0,0,3,5,840,0,1943,0,98178,47.494,-122.275,1010,6000
179001425,230000,3,1.75,1420,3000,1,0,0,3,5,710,710,1931,2014,98178,47.4928,-122.274,1960,5000
179001455,445000,4,3.25,3450,5000,2,0,0,3,8,3450,0,2008,0,98178,47.4925,-122.273,1420,5000
179003055,210000,3,1,1200,7500,1,0,0,3,6,1200,0,1905,1989,98178,47.4921,-122.275,1010,7000
182000350,287500,5,2,2020,67953,1.5,0,0,4,7,1620,400,1936,0,98178,47.4891,-122.263,1270,13198
185000118,212000,4,2,1880,7500,1,0,0,5,6,980,900,1946,0,98178,47.495,-122.266,1670,14350
185000161,261000,3,1,1780,7800,1,0,0,3,7,1060,720,1957,0,98178,47.4932,-122.263,1450,7800
191100045,940000,4,2,2490,9525,2,0,0,5,9,2490,0,1968,0,98040,47.5639,-122.217,2770,9525
191100140,1.06E+06,4,2.5,2250,10160,2,0,0,5,8,2250,0,1967,0,98040,47.5645,-122.219,2660,10125
191100235,1.30E+06,4,3.5,2790,10125,1.5,0,0,5,8,2790,0,1985,0,98040,47.5651,-122.22,2570,10125
191100250,750000,4,2.25,2160,9525,1,0,0,3,8,1080,1080,1961,0,98040,47.5651,-122.221,2780,9525
191100275,1.35E+06,4,3.5,3500,9525,2,0,0,3,10,3500,0,1999,0,98040,47.5641,-122.221,2630,9525
191100405,1.58E+06,4,3.25,3410,10125,2,0,0,3,10,3410,0,2007,0,98040,47.5653,-122.223,2290,10125
191100410,970500,3,2.75,2470,10125,2,0,0,3,8,2470,0,1960,2012,98040,47.5651,-122.223,2290,10125
191100435,1.60E+06,5,3.75,3570,10125,2,0,0,3,10,3570,0,2014,0,98040,47.5639,-122.223,1760,10125
191100665,630000,2,1,1050,8382,1,0,0,3,7,1050,0,1959,0,98040,47.5627,-122.221,2400,9525
191100672,1.38E+06,4,3.75,3160,9525,2.5,0,0,3,10,3160,0,1997,0,98040,47.5623,-122.221,2400,9525
191100810,870000,5,2.25,2910,9525,2,0,0,4,9,2910,0,1968,0,98040,47.5633,-122.218,2740,9525
191100870,838400,4,2.5,2620,9525,2.5,0,0,4,9,2620,0,1974,0,98040,47.5631,-122.219,2580,9525
191101015,830000,3,1.5,1840,10125,1,0,0,4,8,1220,620,1959,0,98040,47.5607,-122.217,2320,10160
192000120,320000,3,1.75,1480,7225,1,0,0,4,7,1480,0,1965,0,98056,47.513,-122.185,1430,7201
192300020,525000,3,2.75,2100,10362,2,0,0,3,9,1510,590,1998,0,98045,47.4347,-121.417,2240,11842
192450180,335000,3,1.5,1140,15890,1,0,0,3,7,840,300,1985,0,98045,47.4752,-121.757,1200,15247
192450200,319900,3,1.5,1140,20383,1,0,0,3,7,840,300,1985,0,98045,47.4755,-121.758,1200,15625
192450300,309950,3,1.5,1200,15606,1,0,0,3,7,1200,0,1985,0,98045,47.4752,-121.755,1210,15606
192460060,330000,3,1.75,1510,15744,1,0,0,3,7,1510,0,1985,0,98045,47.476,-121.755,1470,15744
192460310,269900,3,1.75,1140,22267,1,0,0,3,7,1140,0,1986,0,98045,47.4761,-121.758,1150,15625
192600100,440000,4,2.5,2160,7826,1,0,0,4,7,1390,770,1976,0,98155,47.7754,-122.276,2190,9900
192700080,312000,3,2.5,2070,25710,1,0,0,5,6,2070,0,1917,0,98022,47.2032,-121.964,1350,17998
193300120,192000,3,1.75,1240,10361,1,0,0,3,6,1240,0,1987,0,98042,47.37,-122.151,1240,8834
193300140,240000,3,1.75,1240,10956,1,0,0,3,6,1240,0,1987,0,98042,47.3705,-122.15,1240,8137
193600200,440000,3,1.75,1170,8740,1,0,0,4,7,1170,0,1968,0,98052,47.6849,-122.117,1870,8448
194000145,745000,4,2.75,2410,5650,1.5,0,0,5,8,2070,340,1909,0,98116,47.5651,-122.391,1960,5650
194000505,651000,3,2,1940,6440,1,0,2,5,7,970,970,1940,0,98116,47.5664,-122.389,1730,4640
194000565,505000,2,1,1000,4640,1,0,2,3,7,1000,0,1915,0,98116,47.5659,-122.389,1940,5800
194000575,455000,4,1,1340,5800,1.5,0,2,3,7,1340,0,1914,0,98116,47.5658,-122.389,1900,5800
200300210,515000,3,2.5,2010,7200,2,0,0,3,8,2010,0,1994,0,98028,47.7372,-122.223,1970,7202
200350070,559900,3,2.75,2930,5569,1,0,0,3,9,1860,1070,2004,0,98072,47.7648,-122.164,2580,11045
200480020,770000,5,2.5,3000,7912,1,0,0,3,9,1610,1390,2007,0,98033,47.6765,-122.175,2700,7205
200500410,575000,3,2.5,1960,9535,2,0,0,3,8,1960,0,1989,0,98011,47.7371,-122.215,2520,9206
200500610,571000,3,2.5,2600,7465,2,0,0,3,9,2600,0,1988,0,98011,47.7387,-122.217,2660,7683
200500680,557500,3,2.5,2620,11056,2,0,0,3,9,2620,0,1988,0,98011,47.7378,-122.218,2560,8688
200500700,531000,3,2.5,2120,9736,2,0,0,3,9,2120,0,1988,0,98011,47.7374,-122.219,2490,8763
200510060,605000,3,2.5,2570,9487,2,0,3,3,9,2570,0,1989,0,98011,47.7408,-122.216,2490,9898
200520080,595000,3,2.5,2660,10637,2,0,0,3,9,2660,0,1991,0,98011,47.7383,-122.22,2590,8637
200520120,570000,4,2.5,2590,8483,2,0,0,3,9,2590,0,1991,0,98011,47.738,-122.221,2660,8717
200800200,595000,4,2.25,2050,8372,2,0,0,4,8,2050,0,1984,0,98052,47.7234,-122.107,2010,8037
200800330,440000,3,1.75,1450,6829,1,0,0,3,8,1450,0,1983,0,98052,47.7222,-122.108,1950,7622
200800480,552321,3,2.5,1960,8469,2,0,0,4,8,1960,0,1984,0,98052,47.7236,-122.105,2040,8189
203100435,484000,1,0,690,23244,1,0,0,4,7,690,0,1948,0,98053,47.6429,-121.955,1690,19290
203100440,1.21E+06,3,3.75,5400,24740,2,0,0,3,11,5400,0,1997,0,98053,47.6426,-121.955,1690,20000
203100460,400000,1,1,530,13679,1,0,0,4,6,530,0,1949,0,98053,47.6422,-121.954,1930,20624
203100625,672000,3,2.5,2620,21587,2,0,0,3,7,2620,0,1992,0,98053,47.6384,-121.959,2570,23650
203100690,1.08E+06,4,2.75,3160,42733,2,0,0,3,9,3160,0,1995,0,98053,47.6367,-121.958,1890,24000
203100910,475000,5,2.5,2300,28480,2,0,0,3,6,2300,0,1994,0,98053,47.6403,-121.964,1880,26720
203101065,420000,3,1.75,1820,22320,1,0,0,3,7,1250,570,1977,0,98053,47.6441,-121.96,2030,22320
203101210,379500,2,1,1640,17335,1,0,0,3,7,840,800,1978,0,98053,47.6397,-121.953,2440,17850
203101330,485000,3,2.25,2440,47916,2,0,0,3,8,2090,350,1991,0,98053,47.6347,-121.958,2150,24000
203101370,170000,2,1,1200,24792,2,0,0,2,7,1200,0,1976,0,98053,47.6337,-121.961,2150,24792
203101530,475000,2,2,1540,54450,2,0,0,3,7,1540,0,1983,0,98053,47.638,-121.953,2280,29918
203400090,740000,4,3.5,3760,57063,2,0,0,3,9,2950,810,1998,0,98053,47.6328,-121.964,2870,28945
203600140,595000,3,2.75,2150,31238,2,0,0,3,9,2150,0,1996,0,98014,47.6596,-121.96,2650,38307
203600470,620000,4,2.5,2690,32780,2,0,0,3,9,2690,0,1998,0,98014,47.6612,-121.955,2840,36555
203600590,641000,4,2.5,2770,63118,2,0,0,3,9,2770,0,1997,0,98014,47.6622,-121.961,2770,44224
203600600,685530,4,2.5,3130,60467,2,0,0,3,9,3130,0,1996,0,98014,47.6618,-121.962,2780,44224
203900380,326188,3,1,1300,8800,1,0,0,3,7,1300,0,1977,0,98053,47.64,-121.966,1600,12210
203900460,407450,3,2,1810,10860,1,0,0,3,7,1810,0,1967,0,98053,47.6393,-121.967,1420,11982
203900610,339000,3,1.75,1150,13278,1,0,0,5,7,1150,0,1966,0,98053,47.6384,-121.969,1560,12400
203900690,395000,4,2,1980,15354,1,0,0,3,7,1980,0,1977,0,98053,47.638,-121.968,1420,12300
203900920,340000,3,2,1130,9879,2,0,0,3,6,1130,0,1996,0,98053,47.635,-121.964,1900,14907
204000140,403000,3,1,1500,10730,1,0,0,3,7,1000,500,1977,0,98053,47.6385,-121.966,1570,12210
204000175,381000,3,2,1680,8946,1,0,0,3,6,940,740,1996,0,98053,47.6379,-121.966,1550,11625
205000010,620000,4,2.5,2450,55387,2,0,0,3,9,2450,0,1994,0,98053,47.6323,-121.985,2730,38827
205000050,735000,4,2.5,3270,45537,2,0,0,3,9,3270,0,1993,0,98053,47.6303,-121.984,2670,38827
205000120,628990,4,2.5,2540,32647,2,0,0,3,9,2540,0,1996,0,98053,47.6324,-121.988,2740,32647
205000310,850000,4,3.5,3920,37122,2,0,0,3,10,3920,0,1996,0,98053,47.6316,-121.988,2550,32647
205000410,630000,3,2.5,2320,32772,2,0,0,3,9,2320,0,1992,0,98053,47.6304,-121.988,2610,33305
205000450,633100,4,2.5,2470,33305,2,0,0,3,9,2470,0,1993,0,98053,47.6303,-121.99,2440,33305
205000520,737500,4,2.5,3200,36276,2,0,0,3,9,3200,0,1993,0,98053,47.6304,-121.994,2930,33171
207500012,855000,4,2.75,2600,5390,1,0,0,4,8,1300,1300,1960,0,98199,47.6382,-122.397,2550,5600
207700050,588000,5,3,3110,4464,2,0,0,3,8,3110,0,2007,0,98011,47.7719,-122.168,2450,4221
207700180,555000,5,2.5,2450,5047,2,0,0,3,8,2450,0,2007,0,98011,47.7724,-122.168,2450,4478
208500160,760000,4,2.5,2430,6099,1,0,0,5,8,1470,960,1965,0,98115,47.6777,-122.287,2180,6099
216500040,259000,3,2.5,2740,7980,2,0,0,4,7,2740,0,1964,0,98168,47.473,-122.3,1470,8611
217500005,444950,3,2.5,2020,7800,1,0,0,4,7,1330,690,1958,0,98133,47.7368,-122.337,1870,7800
217500015,394999,3,1.5,1730,7800,1,0,0,3,7,1330,400,1958,0,98133,47.7365,-122.337,1780,8309
217500135,450000,4,2.25,2040,9565,1,0,0,3,8,1400,640,1959,0,98133,47.7356,-122.335,1890,8580
217500140,464000,5,2.5,3400,8970,1,0,0,4,8,1700,1700,1959,0,98133,47.7358,-122.335,1890,8475
217700050,395000,3,2.25,1780,9672,1,0,0,3,8,1350,430,1960,0,98133,47.7774,-122.35,1860,10080
220069083,705000,2,2.5,2200,188200,1,0,3,3,8,2200,0,2007,0,98022,47.2458,-122.002,2700,84942
220069106,599950,3,2.5,1970,106722,1,0,4,3,9,1970,0,1985,0,98022,47.2498,-122.003,2910,101494
221029019,400000,3,2.5,2090,32718,2,1,4,3,7,1550,540,1919,1983,98070,47.3338,-122.511,1200,192268
221049191,329500,3,2.5,2120,22482,1,0,0,5,7,1360,760,1979,0,98001,47.341,-122.265,2330,16016
222029026,340000,2,0.75,1060,48292,1,1,2,5,6,560,500,1947,0,98070,47.4285,-122.511,750,80201
222069029,535000,2,1.75,1780,224769,1,0,0,4,8,1780,0,1976,0,98038,47.4158,-122.002,2060,71560
222069057,665000,3,3.5,3580,95832,1.5,0,0,3,9,3580,0,2005,0,98038,47.4239,-122.015,2880,60548
222069058,729000,3,3.25,2250,60548,1,0,0,3,9,2250,0,2005,0,98038,47.4246,-122.014,2760,84070
222069082,300000,2,1,1220,75794,1,0,0,4,7,1220,0,1963,0,98038,47.4219,-122.007,2010,98010
223039229,787500,2,2.5,2390,6928,2,0,3,4,8,1810,580,1949,1982,98146,47.5101,-122.391,2390,12852
223039254,329950,2,1,900,5220,1,0,0,4,6,900,0,1956,0,98146,47.5105,-122.387,1480,6660
223039330,1.05E+06,3,3,3250,5093,2,0,3,3,10,3250,0,2004,0,98146,47.5123,-122.39,2820,7752
223049087,277000,3,1,1100,8536,1,0,0,4,7,1100,0,1957,0,98118,47.5162,-122.261,1570,8040
224059021,450000,3,1,1150,35415,1,0,0,4,7,1010,140,1950,0,98008,47.5974,-122.129,2460,11781
224059025,1.08E+06,3,3,4910,43560,2,0,0,4,10,4000,910,1989,0,98007,47.5911,-122.131,3540,12288
224059111,475000,3,1.5,1480,13457,1,0,0,3,7,1480,0,1959,0,98007,47.5914,-122.136,2100,10517
224069010,653450,3,2.5,2070,49658,1,0,0,4,8,1540,530,1980,0,98075,47.5936,-122.013,2620,35160
224069084,475000,3,1,1250,150117,1,0,0,3,7,1250,0,1975,0,98075,47.5956,-122.009,3060,50055
224069094,530000,3,2.25,2120,40518,1,0,0,3,8,2120,0,1967,0,98075,47.5896,-122.009,2480,13492
224069102,615000,3,2,1860,42800,1,0,0,4,7,930,930,1983,0,98075,47.5898,-122.004,1980,11250
224069105,650100,2,1,1750,60872,1,0,0,4,7,1180,570,1973,0,98075,47.5946,-122.006,2480,5425
224069114,635000,4,2.5,2470,77550,1,0,0,4,7,2470,0,1987,0,98075,47.5888,-122.011,2490,40894
224069129,500000,3,1,1440,54315,1,0,0,3,7,790,650,1974,0,98075,47.591,-122.01,2690,40518
224069134,735000,3,1.75,1880,108900,1,0,0,3,7,1880,0,1978,0,98075,47.5913,-122.01,2730,37731
224069145,650000,3,1.75,1970,54450,1,0,0,3,8,1570,400,1980,0,98075,47.5936,-122.012,2460,36677
224069169,800000,4,3.75,2540,20662,2,0,0,3,10,2540,0,1998,0,98075,47.5882,-122.01,2490,37731
224069195,759950,3,2.5,3100,23790,2,0,0,3,9,3100,0,2002,0,98075,47.5882,-122.011,2250,40854
225039029,525000,3,1.5,1940,5625,1,0,0,4,7,1440,500,1941,0,98117,47.6818,-122.388,1460,5500
225039049,590000,2,1,1530,6450,1,0,0,4,7,1530,0,1920,0,98117,47.6833,-122.398,1530,5000
225039069,696950,4,2.75,2450,5376,1.5,0,0,4,7,1550,900,1920,0,98117,47.6865,-122.396,1920,5264
225039082,620000,5,2.5,2540,3832,2,0,0,5,8,1760,780,1929,0,98117,47.6848,-122.398,2000,5289
225039145,285000,3,1,1210,4731,1.5,0,0,3,7,1210,0,1901,0,98117,47.6865,-122.397,1450,5264
225039175,525000,5,3,2450,4591,2,0,0,3,7,2450,0,1994,0,98117,47.6828,-122.388,1060,5500
225039177,726500,4,2.5,2180,3893,2,0,0,3,8,2180,0,1999,0,98117,47.6886,-122.388,1710,4550
225069013,806000,4,2.5,2500,206474,1,0,0,3,10,2500,0,1997,0,98053,47.6778,-121.994,3680,208652
225069016,568000,3,1.75,1930,213008,1,0,2,3,7,1300,630,1980,0,98053,47.6751,-121.993,2860,208652
225069017,850000,4,3,2720,183823,2,0,0,3,8,2720,0,1975,2007,98053,47.6749,-122.002,2140,173804
225079036,937500,4,4,5545,871200,2,0,0,3,11,3605,1940,2003,0,98014,47.676,-121.882,3420,871200
226039075,655500,4,3.5,3380,8330,2,0,0,3,8,3380,0,2000,0,98177,47.7741,-122.379,2220,8330
226039186,299950,3,1,910,8000,1,0,0,4,6,740,170,1950,0,98177,47.7746,-122.378,2090,9007
226039214,465250,5,2,1940,7642,1.5,0,0,3,7,1940,0,1957,0,98177,47.7751,-122.38,1940,8724
226039270,615000,3,1.75,2220,7224,1,0,2,3,8,2040,180,1975,0,98177,47.774,-122.384,2540,9990
226039279,505000,4,2.25,2350,12540,2,0,0,3,8,2350,0,1968,0,98177,47.7732,-122.382,2090,7964
226039282,442500,6,2.5,2800,10490,1,0,0,3,7,1400,1400,1968,0,98177,47.7735,-122.378,2290,8716
226039316,941500,5,3.5,3490,9680,2,0,4,3,9,2460,1030,1980,0,98177,47.7757,-122.391,3080,13489
226039317,750000,4,2.75,3210,8520,1,0,2,4,7,1810,1400,1976,0,98177,47.7743,-122.388,2450,7360
226059065,514000,3,2.25,2260,54014,1,0,0,3,7,1450,810,1962,0,98072,47.7657,-122.131,2140,44431
226059078,375000,2,1,1840,81892,1,0,0,3,6,1840,0,1955,0,98072,47.7694,-122.124,2550,40089
226059096,1.57E+06,5,4.5,5220,67319,2,0,0,3,11,5220,0,2001,0,98072,47.7666,-122.128,4190,40609
226059103,570000,3,1.75,1930,36210,1,0,0,3,8,1930,0,1977,0,98072,47.7692,-122.128,1930,35060
226059106,489500,3,1.75,2090,65558,1,0,0,3,8,1330,760,1977,0,98072,47.7621,-122.127,2450,47178
226059120,615000,3,1.75,2110,56192,1,0,0,3,7,1480,630,1978,0,98072,47.7701,-122.138,2570,46609
226059121,500000,3,2.75,1560,77536,1,0,0,3,7,1400,160,1978,0,98072,47.7695,-122.126,2210,41449
226059161,575000,4,2.5,2280,27441,2,0,0,3,8,2280,0,1996,0,98072,47.7628,-122.123,2350,35020
226109056,170000,1,0.75,850,5600,1,0,2,3,6,850,0,1903,1994,98019,47.7654,-121.48,900,12250
235000075,531000,5,2.75,2540,5022,1,0,0,4,8,1540,1000,1955,0,98108,47.5593,-122.3,2510,5182
236400130,239975,3,2.5,1820,7242,1,0,0,3,7,1220,600,1959,0,98188,47.4318,-122.292,1350,8214
236400260,220000,4,1,1440,8250,1,0,0,3,7,1440,0,1959,0,98188,47.4325,-122.291,1440,8466
236400320,238000,4,1,1400,7242,1.5,0,0,3,7,1400,0,1959,0,98188,47.4339,-122.291,1310,7314
236500010,220000,3,1.75,1650,8850,1,0,0,3,7,1650,0,1959,0,98188,47.4331,-122.291,1400,8800
236500050,298500,3,2,2420,8800,1,0,0,4,7,1420,1000,1959,0,98188,47.4322,-122.291,1546,8666
238000201,440000,3,2.75,2070,9697,2,0,0,4,7,1330,740,1929,0,98188,47.4327,-122.283,2000,14436
238000244,421000,3,2.5,2890,21780,2,0,0,3,8,2890,0,2000,0,98188,47.4326,-122.286,2120,8117
239000115,535000,2,1.75,2330,7280,1,0,0,3,7,1450,880,1982,0,98188,47.4282,-122.28,1830,12178
239000155,707000,5,4.5,3540,21217,2,0,0,4,8,2940,600,1926,0,98188,47.4274,-122.28,1290,12040
240000031,322000,4,2.25,1940,10200,1,0,0,3,7,1360,580,1960,0,98188,47.4253,-122.283,1940,10200
240000058,469000,4,2.75,3550,13938,1,0,0,5,8,2100,1450,1966,0,98188,47.425,-122.283,2050,9000
240000130,706000,4,2.5,3280,16575,1,0,0,3,9,2190,1090,1972,0,98188,47.426,-122.285,1570,13209
240000269,530000,4,4.5,4060,10800,2,0,0,3,10,4060,0,2007,0,98188,47.4241,-122.29,1830,9768
241900020,378800,5,2.5,2740,5400,2,0,0,3,8,2740,0,2005,0,98031,47.4036,-122.205,2900,5476
241900060,354000,4,2.5,2580,5476,2,0,0,3,8,2580,0,2005,0,98031,47.4042,-122.205,2900,5476
241900160,370000,5,2.5,2740,5460,2,0,0,3,8,2740,0,2005,0,98031,47.4042,-122.204,2900,5971
243000045,380000,3,1.75,1920,8775,1,0,0,3,7,1920,0,1953,0,98166,47.4544,-122.351,1560,8100
243000335,305000,4,1,1560,8450,1.5,0,0,4,6,1560,0,1954,0,98166,47.4552,-122.354,1380,8100
243000380,365000,3,1.75,2080,7800,1,0,0,5,7,1220,860,1955,0,98166,47.4536,-122.355,1770,7860
248000240,219000,3,1.5,1060,9600,1,0,0,4,7,1060,0,1962,0,98023,47.3229,-122.348,1440,9600
249000115,650000,3,1,1300,8266,1,0,0,4,7,1300,0,1953,0,98004,47.6337,-122.199,1300,8707
249000180,1.89E+06,4,4.25,4285,9345,2,0,0,3,10,4285,0,2013,0,98004,47.6332,-122.199,1570,8994
249000205,1.54E+06,5,3.75,4470,8088,2,0,0,3,11,4470,0,2008,0,98004,47.6321,-122.2,2780,8964
250000010,1.75E+06,4,3.5,3845,8400,2,0,0,3,10,3845,0,2013,0,98004,47.6354,-122.198,1710,8400
250000090,1.75E+06,4,4.5,4650,7660,2,0,0,3,11,3640,1010,2008,0,98004,47.6349,-122.198,1710,8400
250000320,626000,4,1.75,1350,9293,1,0,0,4,7,1350,0,1954,0,98004,47.6335,-122.196,1890,9293
251100020,600000,4,2.5,2360,5226,2,0,0,3,8,2360,0,2001,0,98034,47.712,-122.229,2440,5156
251200200,464900,4,2.25,2020,8424,1,0,0,4,7,1380,640,1979,0,98034,47.7262,-122.233,2030,7236
251200240,491500,4,2.75,2100,7236,1,0,0,3,8,1400,700,1979,0,98034,47.7267,-122.232,1900,7519
251300260,255000,4,2.5,2070,7800,2,0,0,3,8,2070,0,1989,0,98003,47.3487,-122.315,1950,7815
251500080,3.20E+06,4,4,4810,18851,2,0,3,3,11,4810,0,2007,0,98004,47.6364,-122.214,3970,19929
251500330,1.78E+06,3,2.25,4320,19225,1,0,0,4,10,2160,2160,1972,0,98004,47.6368,-122.216,3430,18469
251610020,1.58E+06,4,2.75,3480,19991,2,0,2,4,10,2630,850,1979,0,98004,47.6354,-122.214,3770,20271
251620090,2.40E+06,4,3.25,4140,20734,1,0,1,3,10,3300,840,1977,2005,98004,47.6344,-122.215,4020,20008
251620110,2.29E+06,4,2.5,4080,18362,2,0,2,4,11,4080,0,1983,0,98004,47.6344,-122.214,4080,19991
252000300,300000,3,2,1470,16500,1,0,0,3,7,1470,0,1961,0,98042,47.3617,-122.061,1720,14406
252000400,323000,3,1.75,2100,14850,1,0,0,4,7,2100,0,1963,0,98042,47.3622,-122.059,1930,17238
253600150,380000,2,2.5,1860,3504,2,0,0,3,7,1860,0,2000,0,98028,47.776,-122.239,1860,4246
253600160,384950,3,2.5,1860,3690,2,0,0,3,7,1860,0,2000,0,98028,47.776,-122.239,1870,4394
253600180,427500,4,2.5,2010,6294,2,0,0,3,7,2010,0,2000,0,98028,47.776,-122.24,1870,4394
254000020,453500,4,1.75,2000,6032,1,0,2,3,7,1300,700,1959,0,98146,47.5132,-122.389,1930,6032
254000075,368000,2,1.5,1660,4680,1,0,0,5,6,830,830,1908,0,98146,47.5134,-122.388,1930,5400
254000100,665900,4,2.25,2870,5453,2,0,1,4,8,2220,650,1926,0,98146,47.5129,-122.388,1660,4800
254000175,325000,2,1,1050,4800,1,0,0,4,7,1050,0,1969,0,98146,47.5128,-122.388,1230,4800
254000241,540000,3,2.5,2220,5279,2,0,0,3,8,2220,0,2006,0,98146,47.5132,-122.387,1610,5297
254000445,480000,6,3.75,2940,5054,2,0,0,3,7,2940,0,1942,2003,98146,47.5122,-122.385,1530,5320
254000545,385000,4,2.5,1620,5280,2,0,0,4,7,1620,0,1924,1971,98146,47.5132,-122.384,1590,5280
254000695,410000,3,1,1190,5280,1,0,0,4,7,1190,0,1957,0,98146,47.5131,-122.383,1280,5280
254000735,329000,3,1,1140,5258,1.5,0,0,3,6,1140,0,1911,0,98146,47.5122,-122.383,1140,5280
255000270,410000,3,2.25,1790,5794,1.5,0,0,3,7,1380,410,1985,0,98072,47.7477,-122.171,2140,7769
255000320,450000,3,2.5,1990,12866,2,0,0,4,7,1990,0,1986,0,98072,47.7477,-122.17,2310,8803
255370020,345000,4,2.5,2020,3600,2,0,0,3,7,2020,0,2012,0,98038,47.3535,-122.017,2210,3800
255370420,318200,3,2.5,1990,3644,2,0,0,3,7,1990,0,2010,0,98038,47.3531,-122.017,2580,3800
255370570,359950,4,3.5,2690,5564,2,0,0,3,7,2690,0,2007,0,98038,47.3537,-122.018,2210,4046
255400060,910000,5,2.75,3750,8279,2,0,0,3,9,3750,0,2001,0,98074,47.6039,-122.06,3450,8279
255400070,875000,5,3.5,3840,8279,2,0,0,3,9,3840,0,2001,0,98074,47.6039,-122.059,3570,8279
255450020,367899,3,2.5,2420,4725,2,0,0,3,8,2420,0,2014,0,98038,47.371,-122.018,2370,4200
255450030,369946,3,2.5,2420,4725,2,0,0,3,8,2420,0,2014,0,98038,47.371,-122.018,2370,4200
255450040,389517,4,2.5,2640,4725,2,0,0,3,8,2640,0,2014,0,98038,47.371,-122.017,2370,4725
255450250,307635,3,2.5,1820,4200,2,0,0,3,8,1820,0,2014,0,98038,47.3693,-122.017,2370,4200
255450340,387865,3,2.5,2370,4200,2,0,0,3,8,2370,0,2014,0,98038,47.3696,-122.018,2370,4200
255450380,324747,3,2.5,2060,4742,2,0,0,3,8,2060,0,2014,0,98038,47.3706,-122.017,2370,4725
255450390,351999,3,2.5,2370,4200,2,0,0,3,8,2370,0,2014,0,98038,47.3706,-122.017,2370,4200
255450400,326989,3,2.5,2060,4200,2,0,0,3,8,2060,0,2014,0,98038,47.3706,-122.017,2370,4200
255450410,339989,3,2.5,2060,4200,2,0,0,3,8,2060,0,2014,0,98038,47.3706,-122.018,2370,4200
255460240,398096,3,2.5,2370,5321,2,0,0,3,8,2370,0,2014,0,98038,47.37,-122.019,2370,4357
255460330,388598,3,2.5,2370,4200,2,0,0,3,8,2370,0,2014,0,98038,47.3699,-122.019,2370,4370
255470030,619990,4,2.75,2630,4501,2,0,0,3,8,2630,0,2015,0,98028,47.7748,-122.244,2380,4599
255520150,539000,3,2.5,2830,9972,2,0,0,3,9,2830,0,2006,0,98019,47.7382,-121.975,3557,9159
255520180,565000,3,2.5,4040,8653,2,0,0,3,9,2900,1140,2006,0,98019,47.7378,-121.975,3360,8653
255520260,624000,5,3.75,3570,14648,2,0,0,3,9,3570,0,2005,0,98019,47.7377,-121.974,3160,7882
255550070,330675,4,3,1930,3031,1,0,0,3,7,1200,730,2006,0,98019,47.7457,-121.985,1930,2611
255550100,326000,3,2.25,1930,3462,2,0,0,3,7,1930,0,2004,0,98019,47.7453,-121.985,1930,2952
255550150,352000,3,2.5,2090,3002,2,0,0,3,7,1670,420,2005,0,98019,47.745,-121.984,2090,3163
255550190,350000,3,2.5,2100,3574,2,0,0,3,7,1690,410,2005,0,98019,47.7453,-121.984,1970,2962
255550230,299950,3,2.5,1570,2577,2,0,0,3,7,1570,0,2005,0,98019,47.7456,-121.984,1970,2952
255550270,350000,3,2.5,1970,3655,2,0,0,3,7,1970,0,2003,0,98019,47.7453,-121.984,1970,2952
255580190,302000,4,2.5,1740,7895,2,0,0,3,7,1740,0,1999,0,98001,47.3401,-122.282,1720,6813
257000037,200000,3,1,2120,31564,1,0,0,3,7,1220,900,1942,0,98168,47.4938,-122.298,1790,11571
257000038,293550,4,1.75,2120,9706,1,0,0,3,7,1370,750,1965,0,98168,47.4939,-122.297,1730,11337
257000057,213500,3,1.5,1150,11571,1,0,0,3,7,1150,0,1961,0,98168,47.4931,-122.298,1630,11571
257000105,192500,2,1,950,7692,1,0,0,3,6,950,0,1926,0,98168,47.4909,-122.298,1820,8221
257000138,280000,2,1,850,16400,1,0,0,3,6,850,0,1923,0,98168,47.4889,-122.299,1100,14459
257000263,182200,4,1,1130,13927,1.5,0,0,3,6,1130,0,1929,0,98168,47.4939,-122.3,1800,8274
258100040,335000,3,2,1490,8847,1,0,0,4,7,1490,0,1967,0,98177,47.7639,-122.363,1640,7572
258500059,760000,3,2.5,2050,15020,1,0,2,3,9,1600,450,1960,0,98177,47.759,-122.371,2930,15050
259000100,430000,3,1.75,1610,7900,1,0,0,4,8,1310,300,1960,0,98177,47.7588,-122.36,2210,7700
259000240,506000,3,1.75,2180,7700,1,0,0,3,8,1480,700,1961,0,98177,47.7594,-122.361,2180,7604
259100110,540000,3,1.75,1970,8200,1,0,0,5,8,1420,550,1963,0,98177,47.7602,-122.363,2140,8000
259500230,465750,3,2.5,2670,4534,2,0,0,3,9,2670,0,2007,0,98056,47.51,-122.184,3040,5079
259500270,478000,3,2.5,3040,4535,2,0,0,3,9,3040,0,2007,0,98056,47.51,-122.185,2670,4666
259600050,458500,3,1.75,1250,9605,1,0,0,3,7,1250,0,1964,0,98008,47.6325,-122.121,1570,9605
259600260,345000,3,1,1250,7210,1,0,0,4,7,1250,0,1964,0,98008,47.6329,-122.121,1530,8800
259600280,400000,4,2,1420,9301,1,0,0,4,7,1420,0,1963,0,98008,47.6325,-122.121,1530,8075
259600330,465000,4,2,1470,10291,1,0,0,4,7,1470,0,1963,0,98008,47.6316,-122.121,1460,9601
259600410,505000,3,2.25,1460,7210,1,0,0,3,7,1460,0,1963,0,98008,47.6316,-122.119,1850,7519
259600530,501000,4,1,2070,7519,1,0,0,3,7,1160,910,1963,0,98008,47.632,-122.119,1730,7519
259600560,405000,3,1,1220,7771,1,0,0,3,7,1220,0,1963,0,98008,47.6326,-122.119,1420,7674
259600620,565000,4,2,1950,9940,1,0,0,4,7,1950,0,1963,0,98008,47.6332,-122.118,1920,9270
259600790,500000,3,1.75,1220,7370,1,0,0,4,7,1220,0,1964,0,98008,47.6334,-122.12,1580,8213
259600890,480000,4,1.75,1920,9380,1,0,0,3,7,1920,0,1964,0,98008,47.6344,-122.118,1580,8580
259600910,485000,5,1.5,1420,9900,1,0,0,3,7,1050,370,1964,0,98008,47.6348,-122.118,1580,8075
259601010,485000,3,1,1250,7200,1,0,0,3,7,1250,0,1964,0,98008,47.6342,-122.12,1430,7400
259601100,580000,5,2,2290,7125,1,0,0,3,7,1190,1100,1964,0,98008,47.634,-122.119,1460,7920
259700180,517000,4,1,1650,8250,1,0,0,3,7,1650,0,1966,0,98008,47.6366,-122.118,2240,9776
259800060,445000,4,2,1470,8395,1,0,0,4,7,1470,0,1965,0,98008,47.631,-122.117,1760,7976
259800410,445000,3,1.75,1750,7200,1,0,0,3,7,1750,0,1966,0,98008,47.6289,-122.119,1810,7590
259800610,575000,4,2.5,2280,9491,1,0,0,4,7,1290,990,1966,0,98008,47.6297,-122.117,1560,8050
259800640,500000,4,1.75,2240,9886,1.5,0,0,4,7,2240,0,1965,0,98008,47.6294,-122.116,1540,8040
259800680,534000,4,2.25,2130,7210,1,0,0,5,7,1330,800,1965,0,98008,47.629,-122.117,1310,7896
259800750,455000,3,1.5,1250,8004,1,0,0,3,7,1250,0,1965,0,98008,47.6285,-122.117,1450,7931
259801030,526000,4,2,1610,8000,1,0,0,3,7,1190,420,1966,0,98008,47.6301,-122.118,1560,7896
259801110,439000,3,1.75,1250,7030,1,0,0,3,7,1250,0,1965,0,98008,47.6285,-122.118,1460,7210
259801140,451000,4,1.75,1680,7800,1,0,0,3,7,1330,350,1966,0,98008,47.6286,-122.118,1680,7210
259900160,748000,4,3.5,2770,3330,2,0,0,3,8,1970,800,2001,0,98052,47.6327,-122.109,2180,3380
259900320,615000,3,2.5,1910,3427,2,0,0,3,8,1910,0,2001,0,98052,47.6324,-122.11,2240,3720
263000006,375000,3,2.5,1530,1131,3,0,0,3,8,1530,0,2009,0,98103,47.6993,-122.346,1530,1445
263000009,375000,3,2.5,1440,1102,3,0,0,3,8,1440,0,2009,0,98103,47.6995,-122.346,1440,1434
263000018,360000,3,2.5,1530,1131,3,0,0,3,8,1530,0,2009,0,98103,47.6993,-122.346,1530,1509
263000040,452000,3,2.5,1530,5032,2,0,0,3,7,1530,0,1998,0,98103,47.6985,-122.349,1450,2136
263000050,730000,3,2.5,2160,8809,1,0,0,3,9,1540,620,2014,0,98103,47.6994,-122.349,930,5420
263000155,418000,3,2,1410,6030,1.5,0,0,4,7,1410,0,1930,0,98103,47.6994,-122.347,1410,6300
263000164,425000,2,1,830,6030,1,0,0,4,6,830,0,1925,0,98103,47.6994,-122.347,1280,6030
263000253,380000,3,2.25,1550,1485,3,0,0,3,8,1550,0,2011,0,98103,47.6989,-122.346,1550,1480
263000255,375000,3,2.25,1540,1561,3,0,0,3,8,1540,0,2010,0,98103,47.6991,-122.346,1540,1547
263000280,450000,3,2,1150,4500,1.5,0,0,3,7,1150,0,1917,1991,98103,47.6985,-122.348,1230,5400
263000291,433500,3,1.75,1540,9450,1,0,0,4,6,1040,500,1919,0,98103,47.6985,-122.348,1200,5400
263000324,550000,7,4,3440,8100,2,0,0,3,7,3440,0,1970,0,98103,47.6981,-122.349,1420,1560
263000325,349000,3,2.5,1430,1002,3,0,0,3,8,1430,0,2002,0,98103,47.698,-122.349,1430,1530
263000327,400000,3,2.5,1460,1319,3,0,0,3,8,1460,0,2002,0,98103,47.698,-122.349,1430,1530
263000329,349950,3,2.5,1420,1162,3,0,0,3,8,1420,0,2002,0,98103,47.6982,-122.349,1430,1560
263000359,355000,3,2.25,1370,1524,3,0,0,3,8,1370,0,2005,0,98103,47.6982,-122.347,1370,1418
267000130,613000,5,2.5,2070,12000,1,0,0,4,7,1340,730,1967,0,98008,47.626,-122.104,2090,12000
267000170,575950,3,2.25,1640,12000,1,0,0,3,7,1180,460,1967,0,98008,47.6252,-122.104,1620,12000
267010020,570000,4,2,1790,7800,1,0,0,5,8,1790,0,1972,0,98008,47.6266,-122.103,2150,7838
267020090,580000,5,2.5,3110,15783,1,0,0,3,8,1720,1390,1974,0,98052,47.6301,-122.103,2550,12220
268500020,282500,4,1,1650,9750,1,0,0,4,7,1650,0,1964,0,98059,47.4991,-122.164,1650,10112
269000030,976000,4,1.5,3120,7680,1,0,3,3,8,1660,1460,1956,0,98199,47.646,-122.39,2900,7680
269000070,608000,4,3,2400,7680,1,0,0,3,7,1200,1200,1956,0,98199,47.6466,-122.389,2670,6342
269000085,1.20E+06,4,3.5,3960,6654,2,0,0,3,10,2850,1110,2006,0,98199,47.6461,-122.389,2840,6400
269000221,779000,3,1.75,2320,6400,1,0,2,4,8,1420,900,1957,0,98199,47.6449,-122.389,2540,7680
269000240,1.05E+06,5,2.25,2960,7680,1,0,2,5,8,1550,1410,1958,0,98199,47.6456,-122.389,2860,7680
269000615,875000,3,2,2220,6641,1,0,2,4,7,1220,1000,1947,0,98199,47.6426,-122.388,1800,5900
269000950,990000,3,4,2550,3900,2,0,2,3,8,2050,500,1940,2003,98199,47.6415,-122.392,2340,6400
269000970,1.30E+06,5,3.75,4450,7680,2,0,0,3,9,3460,990,2010,0,98199,47.6418,-122.392,2550,6400
269001331,1.31E+06,5,2.5,3200,7863,1,0,3,5,8,1600,1600,1959,0,98199,47.6398,-122.39,2640,7680
269001360,775000,4,1.75,2320,5595,1,0,0,3,7,1510,810,1956,0,98199,47.6397,-122.388,1840,5596
271200130,215000,3,1,1690,7700,1,0,0,4,7,1690,0,1969,0,98003,47.3444,-122.304,1590,7700
272000085,751000,6,3,2880,6800,2,0,0,3,7,2880,0,1980,0,98144,47.5873,-122.299,1640,4000
272000125,438000,3,1,1200,4000,1.5,0,0,4,6,1200,0,1923,0,98144,47.5881,-122.299,1390,4000
272000220,417000,4,2,2090,4000,1,0,0,3,6,1060,1030,1907,0,98144,47.5893,-122.299,1590,4000
272000320,398000,3,1.5,1310,2996,2,0,0,3,7,1310,0,1998,0,98144,47.5879,-122.299,1310,2997
272000355,325000,3,1.5,1310,2998,2,0,0,3,7,1310,0,1998,0,98144,47.5873,-122.299,1310,2997
272000620,290000,2,1,900,2728,2,0,0,3,7,900,0,1998,0,98144,47.5877,-122.298,900,2728
272000945,826000,3,3.25,2330,4000,1,0,2,3,10,1730,600,1964,2000,98144,47.5882,-122.295,2080,4000
273800100,239900,4,1.75,1480,9523,1,0,0,3,7,1120,360,1959,0,98030,47.3732,-122.217,1590,8300
273900030,267500,3,1.5,1600,9072,1,0,0,4,7,1600,0,1963,0,98030,47.3737,-122.216,1710,8000
274000020,274000,4,1.75,1940,7500,1,0,0,4,7,1720,220,1966,0,98030,47.3736,-122.215,2000,9000
274000070,355000,5,2.75,2530,9375,1,0,0,5,7,1530,1000,1966,0,98030,47.3738,-122.214,2250,8200
274100090,329500,5,1.75,3290,8000,1,0,0,3,7,1790,1500,1968,0,98030,47.3733,-122.214,2380,7000
280610020,825000,4,3.25,4110,14219,2,0,2,4,10,2570,1540,1979,0,98028,47.7382,-122.264,2760,12283
282500010,685000,4,2.25,3133,16197,2,0,0,3,9,2533,600,1965,2010,98166,47.4255,-122.338,3090,15588
284000025,1.41E+06,2,2,2180,18525,1,1,4,5,9,1580,600,1952,0,98146,47.5036,-122.387,2480,21503
284000095,1.20E+06,2,2.25,2160,17861,2,1,4,4,9,2160,0,1956,0,98146,47.502,-122.385,2660,18530
284000223,578000,3,1.75,2120,10875,1,0,2,3,8,1540,580,1977,0,98146,47.504,-122.382,2460,11760
287000110,680000,4,1.5,1880,6200,1,0,2,5,8,1440,440,1954,0,98146,47.5035,-122.384,2070,6500
290000055,720000,2,1,2020,7200,1,0,3,4,7,1700,320,1947,0,98146,47.506,-122.384,2020,7200
290000075,550000,3,1,1260,6000,1,0,3,3,7,1260,0,1951,0,98146,47.5058,-122.384,2020,6600
290000095,675000,6,1.75,2740,6360,1,0,3,3,8,1370,1370,1953,0,98146,47.5062,-122.385,2150,6600
290200230,676000,4,2.5,2800,5368,2,0,0,3,8,2800,0,2003,0,98074,47.6076,-122.053,2790,5368
291300010,389999,3,2.25,1445,1471,2,0,0,3,7,1300,145,2003,0,98027,47.5342,-122.072,1410,1399
291300170,387000,3,2.25,1445,1606,2,0,0,3,7,1300,145,2003,0,98027,47.5348,-122.072,1410,1286
291300280,310000,2,2.5,1090,923,2,0,0,3,7,1090,0,2004,0,98027,47.5347,-122.071,1410,1326
291310100,400000,3,2.5,1600,2388,2,0,0,3,8,1600,0,2004,0,98027,47.5345,-122.069,1410,1287
291310120,355000,3,2.25,1410,1332,2,0,0,3,7,1290,120,2004,0,98027,47.5345,-122.069,1445,1290
291310150,391000,3,2.25,1410,1290,2,0,0,3,7,1290,120,2004,0,98027,47.5345,-122.069,1490,1380
291310170,384500,3,2.5,1600,2610,2,0,0,3,8,1600,0,2005,0,98027,47.5344,-122.068,1445,1288
291310180,379500,3,2.25,1410,1287,2,0,0,3,7,1290,120,2005,0,98027,47.5344,-122.068,1490,1435
291310260,377500,3,2.25,1410,1377,2,0,0,3,7,1290,120,2005,0,98027,47.5342,-122.067,1445,1370
291310270,375000,3,2.5,1600,2042,2,0,0,3,8,1600,0,2005,0,98027,47.5341,-122.067,1445,1370
291310310,533500,3,3.5,2490,3517,2,0,0,3,8,1720,770,2005,0,98027,47.5341,-122.067,1600,2378
291310340,550000,3,3.5,2490,3582,2,0,0,3,8,1720,770,2005,0,98027,47.5338,-122.067,1445,1590
291310370,366000,3,2.25,1445,1028,2,0,0,3,7,1300,145,2005,0,98027,47.5339,-122.067,1445,1377
291310390,355000,3,2.25,1445,1087,2,0,0,3,7,1300,145,2005,0,98027,47.5339,-122.067,1410,1336
291310610,415000,3,2.25,1445,1512,2,0,0,3,7,1300,145,2004,0,98027,47.5341,-122.069,1445,1082
292000070,895000,5,2.5,2350,14197,1,0,0,4,8,1220,1130,1962,0,98004,47.6005,-122.204,2470,11629
293000036,495000,4,2,1610,4770,1,0,0,4,7,1230,380,1941,0,98126,47.5333,-122.381,1180,6120
293000068,556000,3,1.75,1640,7437,1,0,0,3,7,1090,550,1948,0,98126,47.5324,-122.38,1640,7436
293000145,250000,4,1,1440,7404,1,0,0,3,6,1080,360,1918,0,98126,47.5328,-122.379,1620,7436
293000165,442000,3,1.5,2050,6384,1,0,0,3,7,1350,700,1958,0,98126,47.5325,-122.378,1590,7214
293000180,370000,2,1,910,5525,1,0,0,2,6,910,0,1910,0,98126,47.5322,-122.379,1620,5525
293070010,849990,4,2.75,3300,4987,2,0,0,3,9,3300,0,2014,0,98074,47.6175,-122.056,3520,5453
293070090,859990,4,2.75,3520,5500,2,0,0,3,9,3520,0,2014,0,98074,47.6181,-122.056,3340,5500
293070120,888990,4,2.75,3540,5500,2,0,0,3,9,3540,0,2014,0,98074,47.6181,-122.056,3540,5500
293070270,922755,4,3.5,3560,4951,2,0,0,3,9,3560,0,2014,0,98074,47.6178,-122.055,3540,5500
293070310,949990,4,4,3970,7314,2,0,0,3,9,3970,0,2014,0,98074,47.6173,-122.056,3560,5258
293600080,280000,4,2.25,1930,7207,1,0,0,4,7,1360,570,1988,0,98030,47.3783,-122.182,1760,7207
293610020,637000,4,2.75,2900,5803,2,0,0,3,9,2900,0,2007,0,98028,47.7368,-122.232,2900,6212
293610040,600000,4,2.75,2950,5803,2,0,0,3,9,2950,0,2007,0,98028,47.7368,-122.231,2940,5803
293620180,900000,4,2.5,3510,6745,2,0,0,3,10,3510,0,1998,0,98075,47.6016,-122.074,3320,8370
293620220,797500,4,2.5,3270,8223,2,0,0,3,10,3270,0,1998,0,98075,47.6018,-122.073,3460,8872
293670040,482500,2,2.5,1170,809,2,0,0,3,9,1170,0,2007,0,98103,47.6875,-122.339,1170,1121
293700110,775000,4,2.5,3890,34513,2,0,0,3,10,3890,0,1996,0,98077,47.7749,-122.048,3600,28435
293720140,449950,3,2.5,2170,4912,2,0,0,3,7,2170,0,2003,0,98028,47.7767,-122.239,2010,4395
293720180,415000,3,2.5,1980,4274,2,0,0,3,7,1980,0,2003,0,98028,47.7767,-122.239,2000,4394
293760050,1.05E+06,4,4.25,4390,13833,2,0,3,3,10,3320,1070,2003,0,98029,47.5566,-122.026,3850,11652
293760150,1.04E+06,4,3.5,4320,8490,2,0,0,3,10,3280,1040,2005,0,98029,47.5568,-122.029,4030,11008
293760210,998000,5,4.5,4130,10404,2,0,0,3,10,4130,0,2004,0,98029,47.5556,-122.03,3890,11531
293760310,975000,5,4.5,4300,12250,2,0,0,3,10,4300,0,2004,0,98029,47.5557,-122.027,3950,12250
293800120,590000,4,2.5,2940,29013,2,0,0,3,10,2940,0,1992,0,98077,47.7635,-122.044,3010,34071
293800410,824000,4,3.5,3650,57538,2,0,0,3,10,3650,0,1996,0,98077,47.7711,-122.041,3730,56257
293800680,949000,4,3,4270,85643,2,0,0,3,11,4270,0,1991,0,98077,47.7711,-122.048,3760,51170
293800870,710800,3,2.5,2880,36820,2,0,0,3,10,2880,0,1992,0,98077,47.766,-122.044,3190,36820
293800900,829950,4,2.5,3430,42775,2,0,0,3,10,3430,0,1992,0,98077,47.765,-122.045,3190,36820
293810190,456500,4,2.5,2400,6811,2,0,0,3,8,2400,0,2007,0,98059,47.4959,-122.15,2710,5314
293850040,495500,3,2.5,3190,7828,2,0,0,3,9,3190,0,2006,0,98059,47.5047,-122.144,2970,7828
293910030,655000,4,2.5,2570,4412,2,0,0,3,9,2570,0,2001,0,98034,47.7076,-122.232,2460,5470
293910070,653750,4,2.5,2460,4166,2,0,0,3,9,2460,0,2003,0,98034,47.7072,-122.232,2460,4964
301400240,282900,4,2.5,1710,3500,2,0,0,3,7,1710,0,2014,0,98002,47.3448,-122.217,1710,3500
301400320,255900,3,2.5,1489,3266,2,0,0,3,7,1489,0,2014,0,98002,47.3452,-122.217,1537,3273
301400800,261000,3,2.25,1584,2800,2,0,0,3,7,1584,0,2012,0,98002,47.3451,-122.214,1584,2800
301400830,263000,3,2.5,1584,3200,2,0,0,3,7,1584,0,2011,0,98002,47.3451,-122.215,1584,2800
301400850,260000,3,2.25,1489,2800,2,0,0,3,7,1489,0,2011,0,98002,47.3452,-122.215,1584,3200
301400930,267000,3,2.25,1584,2800,2,0,0,3,7,1584,0,2012,0,98002,47.3454,-122.214,1584,2800
301400940,265000,3,2.25,1489,2800,2,0,0,3,7,1489,0,2012,0,98002,47.3454,-122.214,1584,2800
301401370,319900,4,2.75,2475,4276,2,0,0,3,7,2475,0,2014,0,98002,47.345,-122.21,2475,4000
301401390,319900,4,2.75,2475,4000,2,0,0,3,7,2475,0,2014,0,98002,47.3452,-122.21,2166,4000
301401410,298000,3,2.5,1852,4000,2,0,0,3,7,1852,0,2014,0,98002,47.3455,-122.21,2166,4000
301401610,329900,4,2.75,2475,4000,2,0,0,3,7,2475,0,2014,0,98002,47.3452,-122.209,2475,4000
301401620,298900,3,2.5,1852,4000,2,0,0,3,7,1852,0,2014,0,98002,47.3451,-122.209,2475,4000
301401630,335900,4,2.75,2475,4000,2,0,0,3,7,2475,0,2014,0,98002,47.345,-122.209,2475,4000
301402120,240000,3,2.25,1481,2820,2,0,0,3,7,1481,0,2012,0,98002,47.3457,-122.217,1481,3028
301402140,250000,3,2.25,1481,2820,2,0,0,3,7,1481,0,2012,0,98002,47.3457,-122.217,1481,2889
301402280,223990,2,2.25,1061,2884,2,0,0,3,7,1061,0,2013,0,98002,47.346,-122.218,1481,2887
302000065,184000,3,1,970,14850,1,0,0,3,7,970,0,1968,0,98001,47.3251,-122.268,1410,14850
302000545,359000,4,2.25,2710,22860,1,0,0,4,7,1850,860,1962,0,98001,47.3207,-122.266,1700,22860
303000220,375000,4,2,2270,18450,1,0,0,3,7,2270,0,1961,0,98001,47.3264,-122.262,2150,18450
303000445,175000,2,1,1300,44431,1,0,0,5,6,1300,0,1958,0,98001,47.327,-122.267,1470,14850
303100080,245100,3,1.75,1300,7958,1,0,0,3,7,1300,0,1996,0,98092,47.3162,-122.194,1640,8698
303800020,425000,3,2.75,3370,13929,2,0,0,3,9,2650,720,1986,0,98092,47.3411,-122.197,2150,14048
304000380,197000,3,1,1090,17630,1,0,0,4,7,1090,0,1962,0,98002,47.288,-122.196,1300,12000
304000530,185000,3,1.5,1370,8470,1,0,0,4,7,1370,0,1961,0,98092,47.2874,-122.192,1710,8800
304100010,269500,4,2.25,1700,7056,2,0,0,3,7,1700,0,1999,0,98001,47.3385,-122.262,1650,6025
304100070,210000,4,2.25,1500,5393,2,0,0,3,7,1500,0,1999,0,98001,47.3378,-122.263,1700,5917
304100090,215000,4,2.25,1500,5393,2,0,0,3,7,1500,0,1999,0,98001,47.3378,-122.262,1500,5952
305000170,659000,3,2.5,2510,6320,2,0,0,3,9,2510,0,1996,0,98075,47.5868,-122.033,2518,5819
305000310,630000,4,2.5,2540,8706,2,0,0,3,9,2540,0,1997,0,98075,47.5855,-122.031,2540,6239
305010050,665000,4,2.5,2510,5936,2,0,0,3,9,2510,0,1998,0,98075,47.5847,-122.032,2760,6060
305010190,680000,4,2.5,2830,8399,2,0,0,3,9,2830,0,1998,0,98075,47.5851,-122.034,2520,6890
305500140,365000,3,2.5,2200,4052,2,0,0,3,8,2200,0,2005,0,98058,47.4362,-122.178,2310,5082
306000565,290000,2,1.5,1020,1275,3,0,0,3,8,1020,0,2008,0,98103,47.7003,-122.346,980,1415
312000135,483945,2,1.75,1480,5120,1,0,0,4,6,840,640,1951,0,98116,47.558,-122.392,1090,5120
312000265,375000,2,1,790,5120,1,0,0,3,6,790,0,1950,0,98136,47.557,-122.395,1250,5120
312000295,400000,2,1,920,5120,1,0,0,5,7,920,0,1952,0,98136,47.5569,-122.394,1190,5120
316000145,235000,4,1,1360,7132,1.5,0,0,3,6,1360,0,1941,0,98168,47.5054,-122.301,1280,7175
316000160,260000,3,1,1480,7469,1.5,0,0,3,6,1120,360,1940,0,98168,47.5048,-122.301,1460,7379
316000190,219000,4,1,1370,5339,1.5,0,0,4,6,1370,0,1948,0,98168,47.5046,-122.3,1280,7048
318300040,649000,5,3.25,3990,13087,2,0,0,3,9,2400,1590,1991,0,98042,47.3632,-122.061,2580,13633
318390180,299000,3,2,1730,6007,1,0,0,3,8,1730,0,2004,0,98030,47.3573,-122.2,2000,6245
318500300,650000,4,2.75,2640,6240,2,0,0,3,9,2640,0,2001,0,98075,47.5788,-122.059,2640,5898
318900080,470000,4,1,1740,37238,1.5,0,0,4,7,1740,0,1932,0,98024,47.5651,-121.902,1810,18352
318900120,495000,4,2.5,2370,15336,2,0,0,3,8,2370,0,1995,0,98024,47.5633,-121.901,2110,15925
319500080,764000,4,2.5,2790,7938,2,0,0,3,9,2790,0,1997,0,98074,47.6223,-122.026,2780,7779
319500570,780000,4,2.5,2730,10281,2,0,2,3,9,2730,0,1996,0,98074,47.6227,-122.029,2750,7220
320069049,305000,4,1.5,1590,131551,1,0,3,4,7,1590,0,1966,0,98022,47.2558,-122.024,2280,108028
321030010,310000,4,2.5,2310,7384,2,0,0,3,8,2310,0,2010,0,98042,47.3737,-122.165,2310,7800
321030070,375000,4,2.5,2310,7800,2,0,0,3,8,2310,0,2011,0,98042,47.3737,-122.164,2310,7140
321030150,358000,3,2.5,2026,7611,2,0,0,3,8,2026,0,2010,0,98042,47.3733,-122.162,2270,7611
321049090,254000,5,2,2080,16117,1,0,0,5,7,1740,340,1959,0,98001,47.3424,-122.289,1510,13068
321049127,277500,3,2.25,1820,19602,1,0,0,4,7,1820,0,1964,0,98001,47.331,-122.286,1520,8773
321049193,215000,3,2,1760,9282,1,0,0,5,7,1100,660,1947,0,98001,47.3413,-122.29,1730,7500
321059059,359950,3,1,1290,189486,1,0,0,4,7,1290,0,1960,0,98092,47.3356,-122.157,2370,98881
321059091,299950,4,1.75,1560,31299,1,0,0,4,7,1560,0,1965,0,98092,47.3384,-122.164,2460,44907
321059132,365000,3,1.75,1450,61419,1,0,0,4,8,1450,0,1976,0,98092,47.3343,-122.16,2256,82328
321079066,430000,3,1.5,1810,349351,1.5,0,0,3,7,1810,0,2002,0,98010,47.3392,-121.897,2480,339332
321100260,896000,5,2.75,2520,16100,1,0,3,4,8,1570,950,1960,0,98040,47.528,-122.224,2760,16988
322059049,295000,2,1,820,288367,1,0,0,3,6,820,0,1930,1986,98042,47.4196,-122.165,1580,8154
322059095,269950,4,2.5,2060,13500,1,0,0,3,7,1260,800,1968,0,98042,47.4229,-122.153,1610,10714
322059097,269900,3,1.5,1420,22100,1,0,0,5,7,1420,0,1957,0,98042,47.4193,-122.149,1540,21780
322059161,287000,3,1,1250,26862,1,0,0,3,7,1250,0,1965,0,98058,47.426,-122.154,1530,24463
322059210,425000,3,2.5,2650,144183,1,0,0,3,8,2650,0,1967,0,98042,47.4212,-122.144,1940,41210
322059264,279000,2,1,1020,47044,1,0,0,5,7,1020,0,1904,1958,98042,47.4206,-122.155,1930,12139
322059311,355000,4,2.5,1780,15000,2,0,0,2,7,1780,0,1993,0,98058,47.4239,-122.153,2005,9680
322059326,362500,3,2,1940,40588,1,0,0,3,7,1940,0,2000,0,98058,47.4252,-122.159,1860,9657
322069010,435000,3,2,2570,233481,1.5,0,0,4,8,2570,0,1986,0,98038,47.4199,-122.034,2280,157687
322069020,520000,3,1.75,1940,219527,1,0,0,3,7,1940,0,1991,0,98038,47.4214,-122.02,2060,108900
322069109,411000,2,2.25,1910,108900,1,0,0,4,7,1010,900,1972,0,98038,47.4206,-122.023,2050,108900
322069141,462000,4,2.5,2640,47480,1,0,0,4,8,1590,1050,1979,0,98038,47.4258,-122.021,2390,67415
322069153,364250,3,2.5,2280,213879,2,0,0,3,8,2280,0,1994,0,98038,47.4213,-122.033,2380,178160
322069180,649500,3,3,3730,383328,1.5,0,0,4,9,2230,1500,1990,0,98038,47.4257,-122.03,1940,217800
323049148,319000,3,2,1640,9234,1,0,0,5,7,1060,580,1967,0,98118,47.5162,-122.274,2230,10354
323049176,325000,3,1.75,2180,10230,1,0,0,4,7,1090,1090,1961,0,98118,47.5158,-122.281,2130,7200
323059103,425000,3,2.5,1230,23522,1,0,0,4,7,1230,0,1978,0,98059,47.515,-122.162,2340,23522
323059146,343000,3,1,1410,18600,1,0,0,5,7,1410,0,1960,0,98059,47.5031,-122.152,1610,24941
323059167,259000,2,1,1210,17389,1,0,0,4,5,1210,0,1948,0,98059,47.5044,-122.148,2140,14419
323059208,320000,3,2,1880,10758,1,0,0,5,6,940,940,1952,0,98059,47.5091,-122.144,2060,21000
323059316,535000,5,2.5,3190,6178,2,0,0,3,8,3190,0,2003,0,98059,47.5104,-122.154,2480,7548
323059327,1.03E+06,4,3.5,4370,10860,2,0,0,3,11,4370,0,2008,0,98059,47.5066,-122.148,3560,8070
323069120,780000,4,2.75,3640,231739,1.5,0,0,3,10,3640,0,1999,0,98027,47.5078,-122.018,2670,91040
323069158,620000,3,2,2460,41343,1,0,0,4,8,2460,0,1988,0,98027,47.5142,-122.021,2500,53885
323079058,850000,4,3.75,3890,22000,2,0,0,3,10,3890,0,2007,0,98027,47.5052,-121.906,1610,23142
323079065,790000,4,3.5,3190,31450,2,0,0,3,9,3190,0,2010,0,98027,47.501,-121.902,3000,72745
323079101,1.80E+06,4,3.5,6370,205603,2,0,0,3,12,6370,0,2008,0,98027,47.5016,-121.905,1490,33580
323089005,240000,2,1,1120,45302,1,0,2,4,5,1120,0,1932,0,98045,47.5105,-121.77,2150,101930
323089084,592000,3,2.5,2400,81892,2,0,0,3,8,2400,0,1985,0,98045,47.5028,-121.769,1370,37270
323089085,850000,3,2,2740,101930,1,0,2,3,9,2740,0,1999,0,98045,47.5056,-121.77,2140,83635
323089095,380000,3,1.75,1300,12378,1,0,0,4,6,1300,0,1943,0,98045,47.4996,-121.778,1300,11596
323089134,350000,3,1,1300,10236,1,0,0,4,6,1300,0,1971,0,98045,47.5028,-121.77,1380,11325
323089159,332000,3,1.75,1340,13115,1,0,0,3,7,1340,0,1978,0,98045,47.5021,-121.77,1370,10800
323089172,410000,4,2.5,1900,15123,2,0,0,3,8,1900,0,1995,0,98045,47.5015,-121.772,1900,16477
323089173,429000,3,2.5,1920,15124,2,0,0,3,8,1920,0,1995,0,98045,47.5015,-121.773,1920,16477
324000280,675000,3,1.5,1710,4000,2,0,0,3,8,1710,0,1926,0,98116,47.5714,-122.385,1910,4000
324000350,667500,4,3,1920,4000,1.5,0,0,4,8,1540,380,1931,0,98116,47.5718,-122.385,1660,4000
324000370,502000,3,1,1710,5000,1,0,0,5,7,1140,570,1921,0,98116,47.5719,-122.385,1670,4000
324059076,430000,4,1.5,1560,6534,1,0,0,4,7,1560,0,1962,0,98007,47.6012,-122.152,1560,6969
324059112,675500,4,2.75,2060,21344,1,0,0,2,8,1460,600,1978,0,98005,47.5934,-122.154,2060,16088
324059161,920000,4,2.5,3810,13579,2,0,0,3,10,3810,0,2003,0,98007,47.6006,-122.153,3310,9270
324069015,875000,4,3.5,3110,108464,2,0,2,4,8,3110,0,1979,0,98075,47.592,-122.018,2340,4938
324069058,568000,4,2,2340,50233,1,0,0,4,7,1170,1170,1966,0,98075,47.5905,-122.022,2470,62290
324069112,1.33E+06,4,4,4420,16526,2,0,0,3,11,4420,0,2013,0,98075,47.5914,-122.027,3510,50447
325049234,925000,4,2.5,3110,11422,2,0,0,3,9,3110,0,1989,0,98115,47.6833,-122.271,2850,7254
325059086,811000,2,2.5,2510,17986,2,0,0,3,9,2510,0,1943,2014,98052,47.6832,-122.164,2440,8039
325059126,565000,4,1,2170,12100,1,0,0,5,7,2170,0,1961,0,98033,47.6893,-122.164,1270,12844
325059131,390000,4,1.5,1940,12100,1,0,0,3,7,1940,0,1962,0,98033,47.6892,-122.164,1380,12100
325059171,900000,3,1,1330,77972,1,0,0,3,7,1330,0,1928,1954,98033,47.6891,-122.159,1340,17689
325059277,760000,4,2.5,3330,7399,2,0,0,3,9,3330,0,2009,0,98052,47.679,-122.153,2640,8601
325059286,819900,5,2.75,3150,7119,2,0,0,3,9,3150,0,2013,0,98052,47.6759,-122.151,1560,8384
325059287,810000,4,2.5,3340,8384,2,0,0,3,9,3340,0,2014,0,98052,47.6761,-122.152,1560,9429
326049024,603000,4,2.25,2370,11310,1,0,0,3,8,1550,820,1968,0,98155,47.7684,-122.289,1890,8621
326049038,520000,4,2.75,2700,9882,2,0,0,3,7,2700,0,1958,1989,98155,47.7671,-122.291,2250,10797
326049058,464500,5,1.5,2940,13425,1,0,0,3,8,1470,1470,1955,0,98155,47.7632,-122.29,1580,8200
326049060,660000,3,2.5,2650,11250,2,0,0,3,9,2650,0,2005,0,98155,47.7644,-122.29,2200,10013
326049103,470000,4,2.5,2470,8536,2,0,0,3,8,2470,0,2002,0,98155,47.7699,-122.292,1690,8840
326049111,285000,2,1,1010,7200,1,0,0,3,7,1010,0,1975,0,98155,47.7651,-122.291,1890,9248
326069026,900000,4,3,3810,217800,2,0,0,3,9,3810,0,2003,0,98077,47.7696,-122.021,2580,217364
326069027,692500,3,2.5,2420,198198,2,0,0,3,9,2420,0,1997,0,98077,47.772,-122.022,2780,179467
326069101,515000,3,2.5,2130,219978,2,0,0,3,8,2130,0,1986,0,98077,47.7754,-122.032,3340,217800
326069104,800000,3,3.5,3830,221284,2,0,0,3,10,3530,300,1993,0,98077,47.7641,-122.023,2920,148539
326069118,760000,4,2.5,3300,165528,2,0,0,3,8,3300,0,1984,0,98077,47.7657,-122.028,3030,144696
326069131,599000,4,2.5,2790,230868,2,0,0,3,8,2790,0,1989,0,98077,47.7647,-122.019,1590,217800
326069132,643000,3,1.5,1780,214315,1,0,0,3,7,1780,0,1954,0,98077,47.7631,-122.028,2740,133419
326069164,840000,4,2.5,3450,43216,2,0,0,3,9,3450,0,2000,0,98072,47.7625,-122.025,3030,50481
327000050,1.50E+06,4,3.25,3860,7199,2,0,1,3,9,2870,990,2005,0,98115,47.6855,-122.269,2940,9600
327000100,1.16E+06,4,2.5,2960,26742,1,0,3,3,8,1480,1480,1949,1996,98115,47.6846,-122.268,2500,9460
327000165,1.15E+06,4,2.5,2330,30122,1,0,1,3,8,1490,840,1951,0,98115,47.6843,-122.267,2430,6726
328000160,1.40E+06,5,3.75,3700,7920,3,0,4,3,9,2900,800,1983,0,98115,47.6865,-122.266,2860,6360
328000182,613500,3,3.25,1876,1531,3,0,0,3,9,1876,0,2009,0,98115,47.6864,-122.265,1876,1533
333100209,690000,3,1.75,2330,16300,2,0,0,3,9,2330,0,1964,0,98034,47.7037,-122.24,2330,16300
333100265,1.25E+06,4,3.25,3160,10043,2,0,2,3,9,3160,0,2011,0,98034,47.7001,-122.238,3450,10043
333100295,3.12E+06,3,3.5,4490,56609,2,1,4,3,12,4490,0,1993,0,98034,47.6997,-122.24,2710,51330
339200130,693000,3,2.5,2460,12028,2,0,0,3,9,2460,0,1996,0,98052,47.691,-122.095,2540,12229
339350070,566000,3,2.5,2090,6294,2,0,0,3,9,2090,0,2004,0,98052,47.686,-122.095,2520,5735
339350150,675000,3,2.75,2740,5735,2,0,0,3,9,2740,0,2004,0,98052,47.6862,-122.093,2210,5026
339500160,662000,3,1.75,2500,36947,1,0,0,3,9,2500,0,1984,0,98052,47.6917,-122.084,2590,28837
339600010,352500,3,1,1000,4171,1,0,0,3,7,1000,0,1985,0,98052,47.6834,-122.097,1090,3479
339600070,408000,3,2,1640,3440,2,0,0,3,7,1640,0,1987,0,98052,47.6829,-122.097,1070,3549
339600090,369950,3,2.5,1360,3718,2,0,0,3,7,1360,0,1987,0,98052,47.6827,-122.097,1090,3718
339600110,395000,3,2.5,1610,3755,2,0,0,3,7,1610,0,1987,0,98052,47.6825,-122.097,1300,3823
339600190,420000,3,1,1310,3963,1,0,0,5,7,1310,0,1986,0,98052,47.6826,-122.096,1010,3363
339600290,379950,3,2,1080,5077,1,0,0,3,7,1080,0,1985,0,98052,47.6836,-122.095,1070,3471
339600460,419500,3,2.5,1360,3188,2,0,0,3,7,1360,0,1986,0,98052,47.6831,-122.096,1090,3188
342000036,540000,3,2.25,1320,1800,2,0,0,3,7,1320,0,1994,0,98122,47.6081,-122.289,2010,4500
342000570,429000,2,1,1080,3600,1,0,0,3,7,1080,0,1922,0,98122,47.6078,-122.291,2230,4500
345700040,315000,2,1,1010,7338,2,0,0,4,7,1010,0,1981,0,98056,47.5123,-122.19,1220,7719
345700150,310000,2,1.5,1010,10005,2,0,0,3,7,1010,0,1981,0,98056,47.5118,-122.189,1210,7794
345700180,250000,2,1,990,10556,2,0,0,3,7,990,0,1981,0,98056,47.5118,-122.188,1350,7295
345700340,306888,2,1.5,1010,7719,2,0,0,3,7,1010,0,1981,0,98056,47.5128,-122.189,1210,7719
349400100,237500,3,1.75,1480,7830,1,0,0,3,7,1480,0,1980,0,98022,47.1967,-121.998,1130,7553
357000005,500000,4,2,1680,3813,2,0,0,4,7,1680,0,1900,0,98144,47.593,-122.293,2540,3996
357000025,570000,2,1,1790,3760,1.5,0,0,4,8,1490,300,1912,0,98144,47.5926,-122.293,1458,3760
357000135,1.90E+06,4,2.5,3070,7830,2,0,2,3,11,1970,1100,2009,0,98144,47.593,-122.291,2440,4682
363000045,520000,3,1,940,3000,1.5,0,0,3,7,940,0,1903,0,98122,47.6033,-122.3,1210,3500
366000095,890000,5,1,2590,4652,2,0,0,4,8,2310,280,1907,0,98122,47.6038,-122.294,2360,4650
369000045,617000,3,2.5,1880,5500,2,0,0,4,7,1880,0,1947,2007,98199,47.657,-122.393,1230,5500
369000365,510000,1,1,680,6600,1,0,0,3,5,480,200,1916,0,98199,47.6567,-122.392,1170,5500
369000690,403504,4,1,1060,5750,1,0,0,3,6,950,110,1904,0,98199,47.6562,-122.389,1790,5857
369000881,777000,4,4,2680,6000,1,0,0,3,7,1380,1300,1962,2014,98199,47.6557,-122.388,1930,6000
372000040,304000,3,1.75,1720,6000,1,0,2,3,7,1000,720,1954,0,98178,47.4999,-122.223,1690,6000
375000165,991700,4,3,2290,2350,2,0,1,3,9,1610,680,1924,2011,98116,47.574,-122.415,1610,3820
375000230,638000,3,2,1660,3729,1,0,0,5,7,970,690,1922,0,98116,47.5741,-122.414,1560,3729
379000051,307700,5,2.25,1980,13132,1,0,0,4,7,1260,720,1962,0,98198,47.3984,-122.301,1880,11325
381000110,599950,4,1.75,2720,7810,1,0,0,3,8,1510,1210,1952,0,98115,47.6788,-122.283,2120,7315
381000240,650500,4,1.75,2340,5940,1,0,0,3,8,1290,1050,1953,0,98115,47.6789,-122.281,1930,5940
384000135,502000,3,2,1300,14350,1,0,0,3,7,1300,0,1955,2013,98006,47.5736,-122.152,1520,10670
387000190,535000,4,2.5,2240,6920,1,0,0,5,8,1380,860,1974,0,98146,47.5011,-122.375,1540,7000
390100060,325000,3,1,1040,7541,1,0,0,3,6,1040,0,1951,0,98133,47.7565,-122.339,1140,6100
393000045,415000,5,1.75,3700,9140,1,0,0,3,8,1850,1850,1957,0,98178,47.5086,-122.258,2190,6720
393000142,372000,4,2.5,2070,8658,2,0,0,3,8,2070,0,1999,0,98178,47.5072,-122.257,2010,7215
393000311,286300,3,2.75,2000,6405,1,0,0,3,8,1260,740,1964,0,98178,47.5066,-122.259,2130,6510
393000385,255000,3,1.5,1320,7980,1,0,0,3,7,1320,0,1956,0,98178,47.5068,-122.259,2000,7700
395300100,489200,3,2.75,1850,9600,1.5,0,0,5,7,1850,0,1965,0,98034,47.7259,-122.226,1250,10500
395300330,354000,3,1,1130,11250,1,0,0,3,7,1130,0,1965,0,98034,47.7254,-122.227,1410,11250
395300650,326250,3,1,1060,9663,1,0,0,3,7,1060,0,1967,0,98034,47.7244,-122.226,1320,10162
395800370,246600,4,1,1340,8400,1,0,0,5,7,1340,0,1966,0,98023,47.3313,-122.343,1120,8400
396100025,339999,4,2,1740,6369,1,0,0,5,6,870,870,1954,0,98133,47.7461,-122.332,1560,7200
396100110,282613,2,1,830,6017,1,0,0,4,6,830,0,1954,0,98133,47.7466,-122.334,1340,6040
399000025,265000,3,1,1360,5967,1,0,0,3,6,1360,0,1954,0,98178,47.4973,-122.256,1360,6052
399000195,200000,3,1,960,7500,1,0,0,3,6,960,0,1953,0,98178,47.4966,-122.255,1250,6000
402000110,175000,2,1,960,5508,1,0,0,3,6,770,190,1951,0,98118,47.5307,-122.277,1280,5304
402000115,263500,3,1.75,1540,6273,1,0,0,4,6,770,770,1951,0,98118,47.5305,-122.277,1140,5512
402000145,217000,2,1,970,5600,1,0,0,3,6,970,0,1951,0,98118,47.5297,-122.277,1020,5600
402000260,190000,2,1,700,9500,1,0,0,3,6,700,0,1951,0,98118,47.5294,-122.276,1020,5617
405100165,460000,2,1.5,1820,7800,1,0,0,4,7,1240,580,1956,0,98133,47.7513,-122.357,1400,7800
405100295,265000,3,1.75,1420,8250,1,0,0,3,7,1420,0,1954,0,98133,47.7535,-122.354,1740,8000
408100050,329950,4,1,1360,5900,1.5,0,0,4,7,1360,0,1949,0,98155,47.7512,-122.318,1050,5900
408100105,265000,3,1,800,5760,1,0,0,3,6,700,100,1949,0,98155,47.7505,-122.317,1060,6628
408100110,381000,3,1.75,1800,6000,1,0,0,5,6,900,900,1950,0,98155,47.7505,-122.317,1060,6628
408100150,267800,2,1,700,6000,1,0,0,4,6,700,0,1949,0,98155,47.7515,-122.316,920,6000
411100005,275053,2,1,1060,6504,1,0,0,3,6,1060,0,1950,0,98155,47.7412,-122.327,1100,7200
411100020,310000,3,1.75,1140,8263,1,0,0,5,7,1140,0,1950,0,98155,47.7407,-122.327,1140,6770
414100045,344950,4,1.75,2240,7500,1,0,0,4,7,1120,1120,1956,0,98133,47.7466,-122.34,1440,7500
414100280,336000,2,1,1180,7200,1,0,0,4,6,1180,0,1949,0,98133,47.7475,-122.342,1180,7200
414100295,275000,2,1,1180,6552,1,0,0,4,6,1180,0,1949,0,98133,47.7477,-122.342,1070,7200
414100630,335000,3,1,1380,7470,1,0,0,5,7,1380,0,1965,0,98133,47.7479,-122.343,1440,7473
415100010,465000,4,2.5,2090,9702,1,0,0,5,7,1320,770,1965,0,98133,47.7467,-122.339,1850,7200
415100015,301000,3,1,1060,9241,1,0,0,4,7,1060,0,1956,0,98133,47.7465,-122.339,1900,6484
415100085,350000,3,1,1050,8583,1,0,0,5,6,1050,0,1955,0,98133,47.7451,-122.339,1460,7351
418000010,227450,2,1,660,6509,1,0,0,4,5,660,0,1952,0,98056,47.4938,-122.171,970,5713
418000145,213800,2,1,740,5200,1,0,0,4,5,740,0,1952,0,98056,47.4934,-122.173,750,5200
418000310,155000,2,1,700,5200,1,0,0,5,6,700,0,1952,0,98056,47.4924,-122.175,1030,5200
418000330,199950,2,1,700,5200,1,0,0,5,5,700,0,1952,0,98056,47.4924,-122.174,970,5200
418000415,191000,2,1,700,5000,1,0,0,5,6,700,0,1952,0,98056,47.4927,-122.172,1040,5200
419000015,299950,4,1,1170,5400,1,0,0,5,6,1170,0,1953,0,98056,47.492,-122.172,1100,5400
419000035,187000,2,1,860,5400,1,0,0,4,5,860,0,1953,0,98056,47.492,-122.171,960,5400
420000085,238000,3,1,1240,5700,1.5,0,0,5,6,1240,0,1953,0,98056,47.4927,-122.169,1140,5700
420069021,246000,3,2,1990,203861,1,0,0,3,7,1990,0,1949,0,98022,47.2507,-122.039,2760,217800
421000185,200000,2,1,700,4700,1,0,0,5,5,700,0,1953,0,98056,47.4953,-122.169,960,5200
421000215,208000,2,1,700,5100,1,0,0,4,5,700,0,1953,0,98056,47.4957,-122.168,970,5811
421000285,268000,4,1.5,1730,7020,1.5,0,0,4,5,1730,0,1953,0,98056,47.4939,-122.167,1110,7020
421000430,225000,3,1,960,5512,1,0,0,4,6,960,0,1963,0,98056,47.4944,-122.165,1090,5837
421000455,253200,3,1,1360,5840,1,0,0,4,5,1360,0,1953,0,98056,47.4945,-122.166,1250,6708
421000465,269500,2,1.5,1480,7276,1,0,0,4,6,940,540,1978,0,98056,47.4942,-122.166,1090,6710
421000500,209995,2,1,700,7303,1,0,0,5,5,700,0,1953,0,98056,47.4934,-122.166,960,6060
421000555,200000,3,1,1050,5000,1,0,0,4,6,1050,0,1967,0,98056,47.4923,-122.165,1050,5200
421049114,128000,3,1,910,11117,1,0,0,3,7,910,0,1955,0,98003,47.3432,-122.309,1490,8416
421049116,216000,3,1,1280,8712,1,0,0,4,7,1280,0,1956,0,98003,47.3298,-122.297,1420,8800
421049170,239000,3,1,1510,15022,1,0,0,3,7,1510,0,1962,0,98003,47.3304,-122.304,1510,12970
421049254,179000,2,1,990,8760,1,0,0,3,7,990,0,1977,0,98003,47.3302,-122.305,1560,11880
421059018,257000,3,1.75,1397,18000,1,0,0,3,7,1397,0,1965,2014,98092,47.3388,-122.166,1950,31294
421069081,337000,3,2.5,2235,43560,1,0,0,5,7,990,1245,1975,0,98010,47.3326,-122.046,1460,29621
421079105,325000,3,2.25,1480,97138,1.5,0,0,3,7,1480,0,1984,0,98010,47.3317,-121.927,1730,176418
421079142,415000,4,2.25,3060,48787,2,0,0,3,8,3060,0,1992,0,98010,47.3397,-121.918,2090,48787
422000010,299950,3,1,1580,5250,1,0,0,5,7,1580,0,1954,0,98056,47.4964,-122.168,1180,5940
422000075,389950,4,2.5,2240,5500,2,0,0,3,8,2240,0,2013,0,98056,47.496,-122.169,700,5500
422049178,147200,3,1,1420,9600,1,0,0,4,6,1420,0,1954,0,98188,47.4232,-122.292,1400,8415
422049203,239000,3,1.5,1330,6540,1,0,0,3,7,900,430,1971,0,98188,47.4239,-122.292,1400,11500
422069067,276500,4,2.25,2380,128937,1,0,0,4,7,2380,0,1960,0,98038,47.4253,-122.043,1030,114998
423000035,225000,3,1,960,6500,1,0,0,4,5,960,0,1954,0,98056,47.497,-122.171,1150,6500
423049067,160000,2,1,930,7742,1,0,0,3,6,930,0,1933,0,98168,47.507,-122.302,2240,8723
423059039,365000,3,2,2030,8649,1,0,0,3,7,2030,0,1998,0,98056,47.5082,-122.166,1760,7200
423059077,515000,5,1.75,1880,48787,2,0,0,3,6,1880,0,1922,0,98059,47.5094,-122.165,1690,8401
423059184,180000,3,1,1960,9583,2,0,0,2,5,1960,0,1908,0,98056,47.505,-122.171,1850,8324
423059207,322500,3,2,1190,6445,1,0,0,3,7,1190,0,1996,0,98056,47.5057,-122.172,1920,8195
423059360,345000,4,2.5,2040,5875,2,0,0,3,8,2040,0,2004,0,98056,47.5051,-122.17,2230,5459
423059369,392500,4,2.5,2150,7303,2,0,0,3,8,2150,0,2005,0,98056,47.5109,-122.183,1940,9569
423059387,540000,5,2.5,3370,4850,2,0,0,3,9,3370,0,2007,0,98056,47.5078,-122.169,2900,5570
423059409,440000,4,2.5,2230,5650,2,0,0,3,7,2230,0,2011,0,98056,47.5073,-122.168,1590,7241
424000145,230000,3,1,1390,6000,1,0,0,3,5,1390,0,1954,0,98056,47.4977,-122.175,1170,6000
424049039,570000,3,2,1640,2808,1,0,3,4,7,820,820,1924,0,98144,47.5945,-122.291,2270,5328
424049043,450000,9,7.5,4050,6504,2,0,0,3,7,4050,0,1996,0,98144,47.5923,-122.301,1448,3866
424049059,373000,3,2,1400,2445,1,0,0,3,7,840,560,2002,0,98144,47.5926,-122.299,1400,3200
424049283,345000,2,1.5,830,1034,2,0,0,3,8,830,0,2009,0,98144,47.5926,-122.3,1130,2534
424049284,310000,1,1.5,1120,912,3,0,0,3,7,1120,0,2011,0,98144,47.5924,-122.299,1380,3200
424059052,400000,3,1,1300,14138,1,0,0,4,7,1300,0,1943,0,98005,47.593,-122.165,2440,12196
424059100,449228,5,2.5,3020,24750,1,0,0,3,8,1650,1370,1965,0,98005,47.5897,-122.179,2930,16062
424069010,625000,4,2.25,2470,17008,2,0,0,4,8,2470,0,1979,0,98075,47.5924,-122.048,2470,31798
424069018,998000,3,3.75,3710,34412,2,0,0,3,10,2910,800,1978,0,98075,47.5888,-122.04,2390,34412
424069088,406430,3,2,1380,15426,1,0,0,4,7,1380,0,1968,0,98075,47.5951,-122.036,1380,15426
424069096,460000,3,1.75,1400,12155,1,0,0,4,7,1400,0,1977,0,98075,47.5926,-122.047,2540,23522
424069112,999000,4,2.75,2800,19168,2,0,0,3,10,2800,0,1992,0,98075,47.5911,-122.037,2010,16020
424069130,584999,4,2.75,2050,17859,1,0,0,4,7,1300,750,1967,0,98075,47.5945,-122.056,2960,20908
424069150,607500,4,2.5,2460,45738,1,0,0,4,8,1650,810,1969,0,98075,47.5952,-122.056,2550,32040
424069206,835000,4,2.5,2950,48351,2,0,0,3,10,2950,0,1986,0,98075,47.5938,-122.048,2870,34417
424069233,660000,3,2.25,2675,40910,2,0,0,3,8,2675,0,1984,0,98075,47.5916,-122.055,2300,39438
424069250,785000,4,2.75,2440,69415,1,0,0,4,8,1910,530,1989,0,98075,47.5944,-122.042,2770,24361
424069264,749000,4,2.5,2930,18199,2,0,0,3,9,2930,0,1998,0,98075,47.5937,-122.047,2930,33976
424069271,936000,7,3.75,5100,21802,2,0,0,3,10,3640,1460,2001,0,98075,47.595,-122.04,3350,10005
424069275,860000,4,3.25,3830,10005,2,0,0,3,10,3830,0,2001,0,98075,47.5953,-122.039,2555,5204
424069279,1.18E+06,6,6.5,6260,10955,2,0,0,3,11,4840,1420,2007,0,98075,47.5947,-122.039,2710,12550
424500035,250000,3,1.75,1200,5478,1,0,0,5,6,1200,0,1955,0,98056,47.4959,-122.174,1270,6855
424500100,189900,2,1,800,5600,1,0,0,5,6,800,0,1955,0,98056,47.4959,-122.172,1100,6000
425000065,180000,2,1,1150,5695,1,0,0,4,6,1150,0,1958,0,98056,47.4989,-122.171,1150,5695
425000175,208950,3,1,960,5700,1,0,0,4,5,960,0,1956,0,98056,47.4983,-122.172,960,5700
425000230,150000,2,1,870,5700,1,0,0,4,6,870,0,1957,0,98056,47.498,-122.17,1020,5700
425049036,649000,2,1,1280,4840,1,0,0,3,7,1200,80,1908,0,98115,47.6762,-122.299,1860,5500
425049146,975000,3,2.5,3050,7410,1.5,0,0,5,8,1950,1100,1950,0,98115,47.6772,-122.296,1890,5814
425049181,350000,2,1.5,1070,937,3,0,0,3,8,1070,0,2003,0,98115,47.6761,-122.3,1100,3200
425059024,675000,5,2,2420,21000,1.5,0,0,3,8,2420,0,1966,0,98033,47.677,-122.165,1940,8085
425059103,625000,3,2.5,1860,10027,2,0,0,3,8,1860,0,1993,0,98033,47.6775,-122.165,1530,9204
425069020,1.09E+06,4,2.5,4340,141570,2.5,0,0,3,11,4340,0,1992,0,98053,47.6805,-122.048,2720,97138
425069102,730000,4,2.75,3660,150282,2,0,0,3,10,3660,0,1990,0,98053,47.6813,-122.048,3090,53578
425069104,715000,3,2.5,2410,46609,2,0,0,3,9,2410,0,1989,0,98053,47.6789,-122.048,3370,40072
425069136,894400,3,2.5,3100,45738,2,0,0,3,10,3100,0,1991,0,98053,47.6854,-122.048,3340,45738
425069139,600000,4,2.25,2090,45738,2,0,0,3,8,2090,0,1987,0,98053,47.6876,-122.049,3420,45738
425069147,610000,4,2.25,2240,45738,2,0,0,3,7,2240,0,1988,0,98053,47.687,-122.047,3180,45738
425079001,499950,3,2.5,3230,129578,1,0,0,4,8,2100,1130,1964,0,98014,47.682,-121.913,2760,62059
425079046,435000,3,2.5,1778,147823,2,0,0,3,7,1778,0,1999,0,98014,47.6811,-121.915,2840,43676
425079099,560000,3,3,4120,60392,2,0,2,3,9,3180,940,1994,0,98014,47.6804,-121.913,2770,64033
425079100,406500,3,2.75,1840,68479,1,0,2,3,8,1340,500,1989,0,98014,47.6802,-121.908,2060,61903
425200145,265000,3,1,1020,8610,1,0,0,5,7,1020,0,1959,0,98056,47.4974,-122.169,1070,5940
425200205,165000,3,1.5,1020,10152,1,0,0,5,6,1020,0,1959,0,98056,47.4971,-122.168,1320,8892
425400070,238000,3,1.5,1610,6132,1,0,2,4,7,1090,520,1959,0,98056,47.5017,-122.174,1650,6132
425400115,237000,3,1,1160,6132,1,0,0,4,7,1160,0,1958,0,98056,47.5015,-122.173,1280,6132
426059055,620000,3,1.75,2410,35236,1,0,0,3,8,2410,0,1980,2001,98072,47.7651,-122.166,2110,16980
426069095,542950,3,2.5,2070,39768,2,0,0,3,8,2070,0,1988,0,98077,47.7696,-122.036,2740,44866
426069099,815000,3,2.5,2790,53143,2,0,0,4,9,2790,0,1991,0,98077,47.7687,-122.036,2740,47916
427000065,537500,5,2.5,4340,9108,1,0,0,5,8,2170,2170,1979,0,98118,47.5384,-122.276,2030,6812
428000055,322500,3,1,1020,13504,1,0,0,5,7,1020,0,1959,0,98056,47.5121,-122.17,1110,11158
428000150,269950,3,1,990,9950,1,0,0,5,7,990,0,1961,0,98056,47.5104,-122.171,1370,9260
428000225,237000,3,1,1300,8160,1,0,0,4,7,1300,0,1960,0,98056,47.511,-122.172,1290,8970
428100580,350000,3,1.75,1970,10800,1,0,0,4,7,1300,670,1979,0,98056,47.5107,-122.172,1970,8768
430000035,671000,4,3,3130,5700,1.5,0,0,3,7,1750,1380,1953,0,98115,47.6811,-122.283,2080,5700
430000175,550000,3,1.75,1520,5618,1,0,0,3,7,1170,350,1953,0,98115,47.68,-122.284,1550,5618
431500155,640000,5,1.75,2020,6565,1,0,0,3,8,1120,900,1956,0,98115,47.6821,-122.283,2020,6552
434000030,555000,3,2,2080,7020,1,0,0,4,7,1040,1040,1951,0,98115,47.6768,-122.285,1920,7000
434000040,535000,2,1,1040,5527,1,0,0,3,7,1040,0,1951,0,98115,47.6774,-122.284,2080,7020
438000015,555000,4,1.75,2350,5946,1,0,2,3,8,1350,1000,1957,0,98115,47.6879,-122.298,2060,6000
438000025,628000,4,2,2260,6000,1,0,0,3,8,1430,830,1958,0,98115,47.6876,-122.298,2030,5874
439000090,564500,4,2.25,1950,6000,1,0,0,3,7,1350,600,1961,0,98115,47.6909,-122.301,1980,6000
439000230,805000,4,2.25,2440,9889,1,0,0,3,7,1540,900,1952,0,98115,47.6932,-122.3,1710,6284
439200035,740000,4,2.75,2560,6900,1,0,0,3,8,1480,1080,1959,0,98115,47.686,-122.297,2600,7200
441000065,653000,2,1.5,1290,5141,1,0,0,4,7,1050,240,1947,0,98115,47.6878,-122.29,1290,5406
441000115,470000,2,1,900,5512,1,0,0,3,7,900,0,1947,0,98115,47.6877,-122.289,1270,5512
442000015,445000,3,1,1050,5664,1,0,0,4,7,910,140,1947,0,98115,47.6897,-122.285,1500,5664
442000175,515000,2,1,1150,5664,1,0,0,3,7,870,280,1948,0,98115,47.6894,-122.284,1380,5664
442000210,625000,3,1.75,1840,5664,2,0,0,3,7,1270,570,1948,0,98115,47.6899,-122.283,1480,5664
443000060,595000,3,2.25,2400,16301,1,0,0,3,8,1400,1000,1962,0,98115,47.6901,-122.282,1720,9828
446000010,508500,4,1.5,1800,6750,1.5,0,0,4,7,1800,0,1950,0,98115,47.6868,-122.285,1420,5900
446000020,439500,4,1,1360,5500,1.5,0,0,3,7,1360,0,1950,0,98115,47.6878,-122.285,1530,5790
446000150,480000,3,1,1100,5700,1,0,0,3,7,1100,0,1950,0,98115,47.6883,-122.282,1560,6588
446000190,849000,5,3.25,2450,6534,2,0,0,3,8,1770,680,1951,2014,98115,47.688,-122.281,1620,6534
452001280,529950,3,1,1240,5000,1.5,0,0,5,7,1240,0,1909,0,98107,47.6755,-122.367,1240,4900
452001310,500000,2,1,960,5000,1,0,0,4,7,960,0,1900,0,98107,47.6755,-122.367,1330,5000
452001475,477000,3,1,960,3600,1,0,0,4,7,960,0,1906,0,98117,47.6758,-122.369,1580,5000
452001540,554600,3,1.75,1470,5000,1.5,0,0,5,7,1470,0,1900,0,98107,47.6755,-122.369,1530,5000
452001570,576250,2,1.75,1530,5000,2,0,0,4,7,1260,270,1989,0,98107,47.6755,-122.37,1470,5000
452001860,503000,3,2,1260,2500,1,0,0,4,7,750,510,1987,0,98107,47.6748,-122.371,1710,5000
452001890,730000,3,1.75,1650,5000,1.5,0,0,4,8,1650,0,1900,0,98107,47.6743,-122.371,1630,5000
452002005,452000,2,1,980,5000,1,0,0,3,6,980,0,1904,0,98107,47.6744,-122.369,1270,4500
452002135,1.07E+06,4,2.5,2740,5000,2,0,0,3,9,2740,0,2012,0,98107,47.674,-122.371,1660,5000
455000190,825000,3,1.75,2080,5000,2,0,0,5,8,2080,0,1906,0,98103,47.6717,-122.356,1820,5000
455000395,606000,3,1,1500,3920,1,0,0,3,7,1000,500,1947,0,98107,47.6718,-122.359,1640,4017
455000760,685000,3,2,2500,6733,1,0,0,3,8,1770,730,1979,0,98107,47.6691,-122.36,1770,6343
455000841,475000,2,1,870,7975,1,0,2,3,7,870,0,1946,0,98107,47.6698,-122.361,1080,5722
458000065,542000,4,2.5,2020,3440,1.5,0,0,4,7,1480,540,1928,0,98117,47.6885,-122.376,1520,5080
458000235,525000,4,2,1540,3740,1,0,0,4,7,770,770,1946,0,98117,47.6886,-122.375,1090,5080
461000390,687500,4,1.75,2330,5000,1.5,0,0,4,7,1510,820,1929,0,98117,47.6823,-122.368,1460,5000
